"","SNP","pval.outcome","effect_allele.outcome","other_allele.outcome","beta.outcome","se.outcome","outcome","mr_keep.outcome","pval_origin.outcome","id.outcome","eaf.outcome","data_source.outcome"
"1","rs1229984",2.29e-15,"A","G",-0.582142623,0.071156758,"outcome",TRUE,"reported","Diiw68",NA,"textfile"
"5","rs3810496",0.0006283,"C","T",0.095491981,0.027797572,"outcome",TRUE,"reported","Diiw68",NA,"textfile"
"7","rs4674993",0.001464,"G","A",-0.108030744,0.033846848,"outcome",TRUE,"reported","Diiw68",NA,"textfile"
"8","rs71627581",0.00363,"A","G",-0.13079229,0.044900938,"outcome",TRUE,"reported","Diiw68",NA,"textfile"
"11","rs71367544",0.004586,"T","C",0.096400494,0.033971102,"outcome",TRUE,"reported","Diiw68",NA,"textfile"
"12","rs10945141",0.007559,"A","G",-0.082403826,0.030843964,"outcome",TRUE,"reported","Diiw68",NA,"textfile"
"13","rs951740",0.007889,"A","G",0.073529233,0.027673048,"outcome",TRUE,"reported","Diiw68",NA,"textfile"
"14","rs13107325",0.008434,"A","G",-0.135705182,0.05151708,"outcome",TRUE,"reported","Diiw68",NA,"textfile"
"15","rs71367545",0.008863,"A","G",0.089932108,0.034363542,"outcome",TRUE,"reported","Diiw68",NA,"textfile"
"20","rs62007780",0.013,"T","G",-0.068385913,0.027551468,"outcome",TRUE,"reported","Diiw68",NA,"textfile"
"21","rs3764351",0.01447,"A","G",0.068219239,0.027919972,"outcome",TRUE,"reported","Diiw68",NA,"textfile"
"22","rs4671357",0.01571,"C","T",0.065600457,0.027182331,"outcome",TRUE,"reported","Diiw68",NA,"textfile"
"23","rs13009008",0.01888,"G","A",-0.06592615,0.028111264,"outcome",TRUE,"reported","Diiw68",NA,"textfile"
"24","rs4759229",0.0218,"G","A",0.067284747,0.02937135,"outcome",TRUE,"reported","Diiw68",NA,"textfile"
"27","rs986391",0.02285,"A","G",-0.06272683,0.027598391,"outcome",TRUE,"reported","Diiw68",NA,"textfile"
"28","rs9288999",0.02391,"A","G",0.068406033,0.030329778,"outcome",TRUE,"reported","Diiw68",NA,"textfile"
"29","rs28929474",0.02414,"T","C",-0.261624538,0.116189022,"outcome",TRUE,"reported","Diiw68",NA,"textfile"
"30","rs136233",0.02465,"G","A",0.077331343,0.034467011,"outcome",TRUE,"reported","Diiw68",NA,"textfile"
"31","rs6936160",0.02505,"T","C",0.064663513,0.028901222,"outcome",TRUE,"reported","Diiw68",NA,"textfile"
"32","rs2010921",0.02855,"A","G",0.065038396,0.029748765,"outcome",TRUE,"reported","Diiw68",NA,"textfile"
"36","rs12739243",0.03152,"C","T",-0.071066448,0.03310069,"outcome",TRUE,"reported","Diiw68",NA,"textfile"
"37","rs62246017",0.03197,"A","G",-0.063898726,0.029840954,"outcome",TRUE,"reported","Diiw68",NA,"textfile"
"40","rs6011779",0.0344,"T","C",-0.068278841,0.032331365,"outcome",TRUE,"reported","Diiw68",NA,"textfile"
"41","rs7696257",0.03465,"A","G",0.05845757,0.027719236,"outcome",TRUE,"reported","Diiw68",NA,"textfile"
"45","rs3742365",0.0378,"C","T",0.056852812,0.027418738,"outcome",TRUE,"reported","Diiw68",NA,"textfile"
"46","rs2165670",0.03958,"A","G",0.09558287,0.046521411,"outcome",TRUE,"reported","Diiw68",NA,"textfile"
"47","rs2890772",0.04064,"T","G",0.055245474,0.027032256,"outcome",TRUE,"reported","Diiw68",NA,"textfile"
"48","rs17665139",0.04137,"T","C",-0.080017708,0.039295384,"outcome",TRUE,"reported","Diiw68",NA,"textfile"
"49","rs12022778",0.04186,"C","A",0.068592791,0.033765837,"outcome",TRUE,"reported","Diiw68",NA,"textfile"
"50","rs2939756",0.0421,"A","G",-0.054245015,0.026734196,"outcome",TRUE,"reported","Diiw68",NA,"textfile"
"52","rs7134009",0.04456,"C","T",-0.058370913,0.029107714,"outcome",TRUE,"reported","Diiw68",NA,"textfile"
"55","rs77215829",0.0457,"C","A",0.081948583,0.041082497,"outcome",TRUE,"reported","Diiw68",NA,"textfile"
"56","rs549845",0.04771,"A","G",-0.056041391,0.028352937,"outcome",TRUE,"reported","Diiw68",NA,"textfile"
"59","rs732083",0.04957,"A","G",0.054866901,0.027988712,"outcome",TRUE,"reported","Diiw68",NA,"textfile"
"60","rs12907323",0.05047,"G","A",0.05287704,0.027079646,"outcome",TRUE,"reported","Diiw68",NA,"textfile"
"63","rs6731872",0.06256,"G","T",0.066817173,0.035934879,"outcome",TRUE,"reported","Diiw68",NA,"textfile"
"64","rs6460047",0.06371,"C","T",0.061847403,0.033406856,"outcome",TRUE,"reported","Diiw68",NA,"textfile"
"65","rs13261666",0.06391,"T","G",-0.049610501,0.026817214,"outcome",TRUE,"reported","Diiw68",NA,"textfile"
"67","rs12967855",0.06637,"G","A",-0.051925073,0.028325483,"outcome",TRUE,"reported","Diiw68",NA,"textfile"
"69","rs4044321",0.06856,"G","A",-0.049925809,0.027452277,"outcome",TRUE,"reported","Diiw68",NA,"textfile"
"70","rs10750025",0.0699,"G","A",-0.052135754,0.028805136,"outcome",TRUE,"reported","Diiw68",NA,"textfile"
"72","rs10052591",0.07183,"C","T",-0.048140375,0.026779383,"outcome",TRUE,"reported","Diiw68",NA,"textfile"
"73","rs61959481",0.0728,"A","G",-0.061237309,0.034180301,"outcome",TRUE,"reported","Diiw68",NA,"textfile"
"75","rs889398",0.07583,"A","G",-0.048350261,0.027269379,"outcome",TRUE,"reported","Diiw68",NA,"textfile"
"76","rs72780746",0.07595,"C","T",0.061095099,0.034471449,"outcome",TRUE,"reported","Diiw68",NA,"textfile"
"77","rs6962772",0.0772,"G","A",-0.062513905,0.035421048,"outcome",TRUE,"reported","Diiw68",NA,"textfile"
"79","rs4092465",0.0793,"G","A",-0.050136069,0.028607162,"outcome",TRUE,"reported","Diiw68",NA,"textfile"
"81","rs6265",0.08135,"A","G",-0.061131,0.035116401,"outcome",TRUE,"reported","Diiw68",NA,"textfile"
"83","rs13437771",0.08264,"G","A",-0.061237309,0.035325113,"outcome",TRUE,"reported","Diiw68",NA,"textfile"
"85","rs112725451",0.08546,"T","C",0.059117604,0.03441174,"outcome",TRUE,"reported","Diiw68",NA,"textfile"
"86","rs62193862",0.08547,"A","G",0.086269435,0.050218131,"outcome",TRUE,"reported","Diiw68",NA,"textfile"
"88","rs221988",0.08721,"C","A",0.046692728,0.027329866,"outcome",TRUE,"reported","Diiw68",NA,"textfile"
"89","rs12878369",0.08738,"A","C",-0.046148656,0.027025821,"outcome",TRUE,"reported","Diiw68",NA,"textfile"
"91","rs7333559",0.09064,"A","G",-0.054350595,0.0321528,"outcome",TRUE,"reported","Diiw68",NA,"textfile"
"92","rs290601",0.09286,"T","C",0.049932369,0.029739994,"outcome",TRUE,"reported","Diiw68",NA,"textfile"
"93","rs12655091",0.09654,"A","G",0.044399587,0.026738495,"outcome",TRUE,"reported","Diiw68",NA,"textfile"
"95","rs10236149",0.107,"G","A",-0.060705875,0.037681946,"outcome",TRUE,"reported","Diiw68",NA,"textfile"
"96","rs6598539",0.1082,"C","T",0.043346805,0.026997594,"outcome",TRUE,"reported","Diiw68",NA,"textfile"
"97","rs6778080",0.1086,"A","G",0.047360571,0.029530551,"outcome",TRUE,"reported","Diiw68",NA,"textfile"
"99","rs4815364",0.1091,"A","G",0.044303926,0.027663294,"outcome",TRUE,"reported","Diiw68",NA,"textfile"
"101","rs2011092",0.1096,"G","A",-0.047091608,0.029444954,"outcome",TRUE,"reported","Diiw68",NA,"textfile"
"102","rs245774",0.1097,"G","A",0.047265192,0.029561724,"outcome",TRUE,"reported","Diiw68",NA,"textfile"
"103","rs2867112",0.1107,"G","T",-0.058052931,0.036409876,"outcome",TRUE,"reported","Diiw68",NA,"textfile"
"105","rs11692435",0.1126,"A","G",-0.081210055,0.051201525,"outcome",TRUE,"reported","Diiw68",NA,"textfile"
"107","rs6957896",0.1186,"T","C",-0.042907501,0.027496654,"outcome",TRUE,"reported","Diiw68",NA,"textfile"
"108","rs11030084",0.1188,"T","C",-0.054984308,0.035254794,"outcome",TRUE,"reported","Diiw68",NA,"textfile"
"109","rs7077678",0.119,"T","C",0.042676274,0.027377798,"outcome",TRUE,"reported","Diiw68",NA,"textfile"
"111","rs10918701",0.1205,"A","G",-0.043011891,0.027703785,"outcome",TRUE,"reported","Diiw68",NA,"textfile"
"112","rs55932213",0.1223,"G","A",-0.047406122,0.030680176,"outcome",TRUE,"reported","Diiw68",NA,"textfile"
"113","rs10978550",0.1223,"G","A",-0.05245186,0.033945664,"outcome",TRUE,"reported","Diiw68",NA,"textfile"
"114","rs6119897",0.1274,"A","G",0.048504409,0.031812772,"outcome",TRUE,"reported","Diiw68",NA,"textfile"
"115","rs4957528",0.1276,"C","A",0.054204054,0.035569453,"outcome",TRUE,"reported","Diiw68",NA,"textfile"
"116","rs11162019",0.1318,"T","C",0.041813503,0.027736584,"outcome",TRUE,"reported","Diiw68",NA,"textfile"
"117","rs56337305",0.1329,"C","T",-0.041864204,0.02784817,"outcome",TRUE,"reported","Diiw68",NA,"textfile"
"120","rs61533748",0.1456,"C","T",0.041333863,0.02837971,"outcome",TRUE,"reported","Diiw68",NA,"textfile"
"121","rs2587507",0.147,"A","G",-0.03894875,0.026833602,"outcome",TRUE,"reported","Diiw68",NA,"textfile"
"123","rs3803800",0.1557,"G","A",0.046024438,0.032379145,"outcome",TRUE,"reported","Diiw68",NA,"textfile"
"125","rs9904288",0.1562,"G","A",-0.04144719,0.029193632,"outcome",TRUE,"reported","Diiw68",NA,"textfile"
"126","rs71592686",0.1575,"C","T",0.042963699,0.030355239,"outcome",TRUE,"reported","Diiw68",NA,"textfile"
"127","rs1714521",0.158,"C","A",-0.038844784,0.027477582,"outcome",TRUE,"reported","Diiw68",NA,"textfile"
"128","rs72938304",0.1582,"A","G",-0.061556306,0.043563593,"outcome",TRUE,"reported","Diiw68",NA,"textfile"
"129","rs12795042",0.1596,"A","C",0.03854741,0.027370386,"outcome",TRUE,"reported","Diiw68",NA,"textfile"
"130","rs10233018",0.1611,"G","A",0.037295785,0.026575232,"outcome",TRUE,"reported","Diiw68",NA,"textfile"
"131","rs10438820",0.1615,"T","C",-0.040821995,0.02911515,"outcome",TRUE,"reported","Diiw68",NA,"textfile"
"132","rs1889571",0.164,"G","T",0.05770271,0.041396066,"outcome",TRUE,"reported","Diiw68",NA,"textfile"
"135","rs1106363",0.168,"T","C",-0.038117322,0.027600422,"outcome",TRUE,"reported","Diiw68",NA,"textfile"
"136","rs11940694",0.169,"A","G",-0.037182791,0.026985924,"outcome",TRUE,"reported","Diiw68",NA,"textfile"
"137","rs59537158",0.171,"T","C",0.047360571,0.034531037,"outcome",TRUE,"reported","Diiw68",NA,"textfile"
"139","rs1449012",0.1723,"T","C",-0.037182791,0.0271912,"outcome",TRUE,"reported","Diiw68",NA,"textfile"
"140","rs34399632",0.1766,"G","A",0.047837329,0.035327064,"outcome",TRUE,"reported","Diiw68",NA,"textfile"
"142","rs12195240",0.1829,"A","G",0.039316862,0.02945011,"outcome",TRUE,"reported","Diiw68",NA,"textfile"
"143","rs11057005",0.1833,"G","A",-0.036560255,0.027409832,"outcome",TRUE,"reported","Diiw68",NA,"textfile"
"144","rs9842947",0.1882,"T","C",0.039220713,0.029727335,"outcome",TRUE,"reported","Diiw68",NA,"textfile"
"145","rs11768481",0.1924,"A","C",-0.041655675,0.0318675,"outcome",TRUE,"reported","Diiw68",NA,"textfile"
"146","rs10789369",0.1954,"G","A",-0.035005609,0.026957218,"outcome",TRUE,"reported","Diiw68",NA,"textfile"
"147","rs6741228",0.1954,"C","T",-0.034798506,0.026797731,"outcome",TRUE,"reported","Diiw68",NA,"textfile"
"149","rs11783093",0.1988,"T","C",0.04859967,0.037705055,"outcome",TRUE,"reported","Diiw68",NA,"textfile"
"151","rs4391802",0.2014,"G","A",-0.038221213,0.029821424,"outcome",TRUE,"reported","Diiw68",NA,"textfile"
"156","rs1373178",0.2122,"G","T",-0.034384427,0.027459723,"outcome",TRUE,"reported","Diiw68",NA,"textfile"
"157","rs12027999",0.2163,"C","T",-0.055935632,0.045063287,"outcome",TRUE,"reported","Diiw68",NA,"textfile"
"158","rs4818005",0.2175,"A","G",0.033434776,0.027004816,"outcome",TRUE,"reported","Diiw68",NA,"textfile"
"159","rs281296",0.2184,"A","G",0.034304804,0.027760549,"outcome",TRUE,"reported","Diiw68",NA,"textfile"
"161","rs2378662",0.2198,"A","G",-0.03407398,0.027655771,"outcome",TRUE,"reported","Diiw68",NA,"textfile"
"164","rs378421",0.2244,"A","G",-0.03376363,0.027671656,"outcome",TRUE,"reported","Diiw68",NA,"textfile"
"165","rs1733760",0.2252,"C","T",0.033144599,0.027210153,"outcome",TRUE,"reported","Diiw68",NA,"textfile"
"166","rs112282219",0.2253,"A","G",0.091758425,0.075345212,"outcome",TRUE,"reported","Diiw68",NA,"textfile"
"167","rs113230003",0.2255,"A","G",-0.037390389,0.030715149,"outcome",TRUE,"reported","Diiw68",NA,"textfile"
"169","rs12130857",0.2266,"A","G",0.034304804,0.028245742,"outcome",TRUE,"reported","Diiw68",NA,"textfile"
"170","rs7072776",0.2269,"A","G",0.034884402,0.028741096,"outcome",TRUE,"reported","Diiw68",NA,"textfile"
"172","rs9607814",0.2293,"A","C",-0.040405415,0.033458035,"outcome",TRUE,"reported","Diiw68",NA,"textfile"
"173","rs4727189",0.2305,"C","T",-0.0329365,0.027342024,"outcome",TRUE,"reported","Diiw68",NA,"textfile"
"174","rs58107686",0.2338,"A","C",0.033628181,0.028109538,"outcome",TRUE,"reported","Diiw68",NA,"textfile"
"176","rs7836565",0.2342,"T","C",-0.034384427,0.028765687,"outcome",TRUE,"reported","Diiw68",NA,"textfile"
"177","rs10506274",0.2348,"T","G",-0.031697087,0.0265507,"outcome",TRUE,"reported","Diiw68",NA,"textfile"
"178","rs2854334",0.2367,"G","A",0.03333806,0.02803603,"outcome",TRUE,"reported","Diiw68",NA,"textfile"
"179","rs10279261",0.2385,"A","G",-0.033143219,0.027976742,"outcome",TRUE,"reported","Diiw68",NA,"textfile"
"180","rs6935954",0.2394,"A","G",0.03333806,0.028193883,"outcome",TRUE,"reported","Diiw68",NA,"textfile"
"181","rs35175834",0.2411,"A","G",0.037488444,0.0318159,"outcome",TRUE,"reported","Diiw68",NA,"textfile"
"184","rs6756212",0.2445,"T","C",-0.031077956,0.026561763,"outcome",TRUE,"reported","Diiw68",NA,"textfile"
"186","rs6750529",0.248,"T","C",-0.035419945,0.030492351,"outcome",TRUE,"reported","Diiw68",NA,"textfile"
"188","rs7297175",0.2497,"C","T",0.03246719,0.028048461,"outcome",TRUE,"reported","Diiw68",NA,"textfile"
"190","rs13024996",0.2513,"A","C",-0.032316601,0.028010446,"outcome",TRUE,"reported","Diiw68",NA,"textfile"
"191","rs75742406",0.2525,"A","G",-0.036871475,0.032037324,"outcome",TRUE,"reported","Diiw68",NA,"textfile"
"192","rs326341",0.256,"A","G",-0.030974804,0.027107775,"outcome",TRUE,"reported","Diiw68",NA,"textfile"
"194","rs10853981",0.2571,"A","G",0.031789322,0.027883382,"outcome",TRUE,"reported","Diiw68",NA,"textfile"
"196","rs11210229",0.263,"G","A",-0.029943876,0.026583395,"outcome",TRUE,"reported","Diiw68",NA,"textfile"
"197","rs202645",0.2644,"G","A",0.037006726,0.032947559,"outcome",TRUE,"reported","Diiw68",NA,"textfile"
"198","rs10914684",0.2645,"A","G",0.031789322,0.028308209,"outcome",TRUE,"reported","Diiw68",NA,"textfile"
"200","rs1030015",0.2693,"C","A",0.029267498,0.026318481,"outcome",TRUE,"reported","Diiw68",NA,"textfile"
"201","rs624833",0.272,"G","T",0.031692447,0.028655861,"outcome",TRUE,"reported","Diiw68",NA,"textfile"
"202","rs3748034",0.272,"T","G",0.042963699,0.038847168,"outcome",TRUE,"reported","Diiw68",NA,"textfile"
"203","rs72859280",0.2734,"T","G",-0.087738914,0.079558027,"outcome",TRUE,"reported","Diiw68",NA,"textfile"
"204","rs9919670",0.2736,"A","G",-0.029737818,0.02697597,"outcome",TRUE,"reported","Diiw68",NA,"textfile"
"205","rs540860",0.2767,"G","A",0.029655885,0.027071242,"outcome",TRUE,"reported","Diiw68",NA,"textfile"
"208","rs1445649",0.284,"C","T",-0.02891401,0.02678663,"outcome",TRUE,"reported","Diiw68",NA,"textfile"
"209","rs6890961",0.2859,"T","C",-0.030871664,0.028710167,"outcome",TRUE,"reported","Diiw68",NA,"textfile"
"211","rs67050670",0.2885,"G","A",0.032757564,0.03062423,"outcome",TRUE,"reported","Diiw68",NA,"textfile"
"213","rs7929518",0.2902,"G","A",-0.032419891,0.030412592,"outcome",TRUE,"reported","Diiw68",NA,"textfile"
"214","rs11713899",0.2923,"C","A",-0.038117322,0.035908864,"outcome",TRUE,"reported","Diiw68",NA,"textfile"
"218","rs4949465",0.2939,"C","T",0.041909403,0.039608639,"outcome",TRUE,"reported","Diiw68",NA,"textfile"
"219","rs2155646",0.2961,"C","T",-0.028399475,0.026959484,"outcome",TRUE,"reported","Diiw68",NA,"textfile"
"221","rs8614",0.2967,"A","C",0.039028387,0.037094206,"outcome",TRUE,"reported","Diiw68",NA,"textfile"
"222","rs9922607",0.2981,"T","C",0.034980969,0.033341119,"outcome",TRUE,"reported","Diiw68",NA,"textfile"
"224","rs74086911",0.3016,"A","G",0.051643233,0.049569798,"outcome",TRUE,"reported","Diiw68",NA,"textfile"
"225","rs1772572",0.3019,"A","C",0.029364609,0.028202637,"outcome",TRUE,"reported","Diiw68",NA,"textfile"
"226","rs11861214",0.3028,"T","G",-0.032833157,0.031591002,"outcome",TRUE,"reported","Diiw68",NA,"textfile"
"227","rs17309874",0.3032,"A","G",0.033241334,0.032009446,"outcome",TRUE,"reported","Diiw68",NA,"textfile"
"228","rs2063976",0.3036,"T","C",-0.029222859,0.028162509,"outcome",TRUE,"reported","Diiw68",NA,"textfile"
"229","rs1109480",0.307,"A","G",-0.028811082,0.027955876,"outcome",TRUE,"reported","Diiw68",NA,"textfile"
"230","rs57611503",0.3095,"A","G",-0.029016949,0.028297257,"outcome",TRUE,"reported","Diiw68",NA,"textfile"
"235","rs359243",0.3153,"C","T",-0.028193734,0.02781621,"outcome",TRUE,"reported","Diiw68",NA,"textfile"
"237","rs1901477",0.3176,"G","A",0.026739297,0.026503198,"outcome",TRUE,"reported","Diiw68",NA,"textfile"
"238","rs4877285",0.3176,"A","G",0.029170377,0.028912813,"outcome",TRUE,"reported","Diiw68",NA,"textfile"
"239","rs3847244",0.3188,"T","C",0.027712439,0.027533912,"outcome",TRUE,"reported","Diiw68",NA,"textfile"
"240","rs1260326",0.3207,"C","T",0.027420596,0.027347923,"outcome",TRUE,"reported","Diiw68",NA,"textfile"
"242","rs7809303",0.3216,"A","G",-0.02809088,0.028067024,"outcome",TRUE,"reported","Diiw68",NA,"textfile"
"243","rs13007361",0.3238,"A","G",0.03246719,0.032582998,"outcome",TRUE,"reported","Diiw68",NA,"textfile"
"244","rs75919030",0.3262,"C","T",0.030141157,0.030394544,"outcome",TRUE,"reported","Diiw68",NA,"textfile"
"245","rs1811739",0.3287,"A","G",0.030820142,0.031235385,"outcome",TRUE,"reported","Diiw68",NA,"textfile"
"246","rs11948770",0.329,"C","T",0.030917103,0.031352502,"outcome",TRUE,"reported","Diiw68",NA,"textfile"
"247","rs13392222",0.3313,"C","A",0.037681067,0.038388325,"outcome",TRUE,"reported","Diiw68",NA,"textfile"
"250","rs72678864",0.3365,"A","G",-0.037494204,0.038598347,"outcome",TRUE,"reported","Diiw68",NA,"textfile"
"251","rs1246265",0.3432,"C","T",0.027906953,0.029117588,"outcome",TRUE,"reported","Diiw68",NA,"textfile"
"252","rs2472297",0.3501,"T","C",0.034304804,0.03629249,"outcome",TRUE,"reported","Diiw68",NA,"textfile"
"253","rs9826984",0.3505,"A","G",0.025375306,0.026867192,"outcome",TRUE,"reported","Diiw68",NA,"textfile"
"255","rs1381775",0.3534,"C","T",-0.027371197,0.0291499,"outcome",TRUE,"reported","Diiw68",NA,"textfile"
"258","rs876793",0.3576,"C","T",0.026934001,0.02892775,"outcome",TRUE,"reported","Diiw68",NA,"textfile"
"259","rs9323328",0.3584,"A","G",0.024399887,0.0262483,"outcome",TRUE,"reported","Diiw68",NA,"textfile"
"260","rs4752018",0.3591,"A","C",-0.02891401,0.031148272,"outcome",TRUE,"reported","Diiw68",NA,"textfile"
"263","rs3896224",0.3616,"G","A",-0.024702613,0.026745834,"outcome",TRUE,"reported","Diiw68",NA,"textfile"
"266","rs7743165",0.3658,"G","T",0.024302293,0.026536238,"outcome",TRUE,"reported","Diiw68",NA,"textfile"
"267","rs369230",0.3661,"T","G",0.027517886,0.030065619,"outcome",TRUE,"reported","Diiw68",NA,"textfile"
"268","rs113382419",0.3684,"A","C",0.040949986,0.044949591,"outcome",TRUE,"reported","Diiw68",NA,"textfile"
"269","rs35343344",0.3716,"A","C",-0.028296599,0.031261876,"outcome",TRUE,"reported","Diiw68",NA,"textfile"
"270","rs2901785",0.372,"A","G",-0.024190239,0.026746827,"outcome",TRUE,"reported","Diiw68",NA,"textfile"
"271","rs6951574",0.3734,"C","T",0.024497472,0.027163357,"outcome",TRUE,"reported","Diiw68",NA,"textfile"
"272","rs13110073",0.3742,"C","T",0.02391182,0.026556938,"outcome",TRUE,"reported","Diiw68",NA,"textfile"
"274","rs7807019",0.3793,"G","A",0.023618866,0.026504063,"outcome",TRUE,"reported","Diiw68",NA,"textfile"
"277","rs62155874",0.3842,"G","A",0.035656677,0.040412476,"outcome",TRUE,"reported","Diiw68",NA,"textfile"
"283","rs12714017",0.3953,"C","T",0.022934971,0.026588796,"outcome",TRUE,"reported","Diiw68",NA,"textfile"
"284","rs1217091",0.3959,"C","T",0.028976108,0.033633592,"outcome",TRUE,"reported","Diiw68",NA,"textfile"
"286","rs10226228",0.3988,"G","A",0.023521195,0.027464384,"outcome",TRUE,"reported","Diiw68",NA,"textfile"
"287","rs117657830",0.3999,"G","A",-0.060174723,0.070421173,"outcome",TRUE,"reported","Diiw68",NA,"textfile"
"288","rs58400863",0.4,"A","G",-0.024292693,0.028435038,"outcome",TRUE,"reported","Diiw68",NA,"textfile"
"293","rs4814873",0.4175,"T","C",-0.026241311,0.031843643,"outcome",TRUE,"reported","Diiw68",NA,"textfile"
"296","rs1381287",0.4219,"T","C",-0.0216323,0.02649144,"outcome",TRUE,"reported","Diiw68",NA,"textfile"
"297","rs8096225",0.4222,"C","A",0.023618866,0.02894228,"outcome",TRUE,"reported","Diiw68",NA,"textfile"
"299","rs1139897",0.4286,"A","G",-0.02583076,0.032077685,"outcome",TRUE,"reported","Diiw68",NA,"textfile"
"301","rs8042849",0.4321,"T","C",-0.021836695,0.02731695,"outcome",TRUE,"reported","Diiw68",NA,"textfile"
"302","rs6452785",0.4335,"T","C",0.020782539,0.02607463,"outcome",TRUE,"reported","Diiw68",NA,"textfile"
"308","rs10966092",0.4504,"C","T",0.023228126,0.030201826,"outcome",TRUE,"reported","Diiw68",NA,"textfile"
"309","rs1931263",0.4506,"T","G",-0.020202707,0.026279276,"outcome",TRUE,"reported","Diiw68",NA,"textfile"
"310","rs9950000",0.4508,"T","C",-0.020610954,0.026821728,"outcome",TRUE,"reported","Diiw68",NA,"textfile"
"311","rs6874731",0.4521,"C","A",0.020194707,0.026352903,"outcome",TRUE,"reported","Diiw68",NA,"textfile"
"312","rs7519626",0.4555,"T","C",0.021565778,0.028347006,"outcome",TRUE,"reported","Diiw68",NA,"textfile"
"313","rs4912332",0.4603,"T","C",0.01960653,0.026038071,"outcome",TRUE,"reported","Diiw68",NA,"textfile"
"314","rs73220544",0.4617,"C","A",0.028393075,0.037820477,"outcome",TRUE,"reported","Diiw68",NA,"textfile"
"315","rs34553878",0.4621,"G","A",-0.034177452,0.045564633,"outcome",TRUE,"reported","Diiw68",NA,"textfile"
"317","rs12474587",0.4663,"T","G",0.019998687,0.026904297,"outcome",TRUE,"reported","Diiw68",NA,"textfile"
"319","rs12244388",0.4726,"A","G",-0.019692633,0.026856762,"outcome",TRUE,"reported","Diiw68",NA,"textfile"
"320","rs4476253",0.4768,"A","G",0.02264173,0.031162658,"outcome",TRUE,"reported","Diiw68",NA,"textfile"
"321","rs9540731",0.4781,"T","C",-0.019284761,0.026617862,"outcome",TRUE,"reported","Diiw68",NA,"textfile"
"322","rs13296519",0.4793,"T","G",0.019802627,0.027404531,"outcome",TRUE,"reported","Diiw68",NA,"textfile"
"324","rs160631",0.4829,"G","T",0.020880478,0.029125344,"outcome",TRUE,"reported","Diiw68",NA,"textfile"
"325","rs17197663",0.4838,"A","G",0.02887896,0.040361947,"outcome",TRUE,"reported","Diiw68",NA,"textfile"
"326","rs10282292",0.4848,"G","A",-0.019284761,0.027012287,"outcome",TRUE,"reported","Diiw68",NA,"textfile"
"327","rs1922018",0.4851,"T","C",-0.019896632,0.027887771,"outcome",TRUE,"reported","Diiw68",NA,"textfile"
"329","rs7943721",0.487,"A","G",-0.025215249,0.035491023,"outcome",TRUE,"reported","Diiw68",NA,"textfile"
"331","rs4837631",0.4876,"T","C",-0.018775155,0.026461514,"outcome",TRUE,"reported","Diiw68",NA,"textfile"
"333","rs1549979",0.4897,"G","A",-0.021325787,0.030196386,"outcome",TRUE,"reported","Diiw68",NA,"textfile"
"334","rs6050446",0.4911,"G","A",0.068779515,0.097691687,"outcome",TRUE,"reported","Diiw68",NA,"textfile"
"336","rs34342129",0.4923,"C","T",-0.018367657,0.026158328,"outcome",TRUE,"reported","Diiw68",NA,"textfile"
"337","rs62250685",0.4954,"A","G",-0.021019367,0.030142156,"outcome",TRUE,"reported","Diiw68",NA,"textfile"
"340","rs13016665",0.5013,"A","C",0.018429135,0.026779208,"outcome",TRUE,"reported","Diiw68",NA,"textfile"
"342","rs3934797",0.5085,"A","G",-0.02388294,0.035272863,"outcome",TRUE,"reported","Diiw68",NA,"textfile"
"343","rs4842786",0.5108,"G","A",0.017938145,0.026631744,"outcome",TRUE,"reported","Diiw68",NA,"textfile"
"344","rs2925128",0.5118,"T","C",-0.017858518,0.026573958,"outcome",TRUE,"reported","Diiw68",NA,"textfile"
"347","rs67777803",0.514,"T","G",0.023521195,0.035176289,"outcome",TRUE,"reported","Diiw68",NA,"textfile"
"349","rs2289791",0.5208,"T","G",0.019802627,0.03008099,"outcome",TRUE,"reported","Diiw68",NA,"textfile"
"350","rs9302604",0.5217,"G","A",0.017643435,0.026856807,"outcome",TRUE,"reported","Diiw68",NA,"textfile"
"354","rs10953957",0.5253,"A","G",0.017643435,0.027081544,"outcome",TRUE,"reported","Diiw68",NA,"textfile"
"355","rs6787172",0.5267,"G","T",-0.017044435,0.026247337,"outcome",TRUE,"reported","Diiw68",NA,"textfile"
"358","rs2062882",0.531,"A","G",-0.018673265,0.029045489,"outcome",TRUE,"reported","Diiw68",NA,"textfile"
"359","rs1008078",0.5327,"T","C",0.017152059,0.026785776,"outcome",TRUE,"reported","Diiw68",NA,"textfile"
"360","rs6438436",0.5332,"T","C",0.022152805,0.034635878,"outcome",TRUE,"reported","Diiw68",NA,"textfile"
"361","rs4790874",0.5336,"T","C",0.017152059,0.026842417,"outcome",TRUE,"reported","Diiw68",NA,"textfile"
"371","rs7950166",0.5782,"T","C",-0.015418253,0.02689533,"outcome",TRUE,"reported","Diiw68",NA,"textfile"
"372","rs12202536",0.5852,"G","A",0.014888612,0.026437854,"outcome",TRUE,"reported","Diiw68",NA,"textfile"
"375","rs4264267",0.5862,"T","C",-0.014707629,0.026183466,"outcome",TRUE,"reported","Diiw68",NA,"textfile"
"377","rs7569203",0.5874,"C","A",-0.015519812,0.027714603,"outcome",TRUE,"reported","Diiw68",NA,"textfile"
"378","rs7155595",0.5892,"C","A",0.015676479,0.028124386,"outcome",TRUE,"reported","Diiw68",NA,"textfile"
"382","rs2279829",0.5942,"A","G",-0.017247893,0.031347042,"outcome",TRUE,"reported","Diiw68",NA,"textfile"
"383","rs17177078",0.5946,"T","C",-0.029634805,0.053915669,"outcome",TRUE,"reported","Diiw68",NA,"textfile"
"384","rs62175972",0.5995,"C","T",-0.04019719,0.074076335,"outcome",TRUE,"reported","Diiw68",NA,"textfile"
"388","rs828867",0.6083,"A","G",0.01439588,0.027155903,"outcome",TRUE,"reported","Diiw68",NA,"textfile"
"390","rs1050847",0.6107,"T","C",-0.01440323,0.027345361,"outcome",TRUE,"reported","Diiw68",NA,"textfile"
"391","rs10879871",0.6155,"G","T",0.014198719,0.027309294,"outcome",TRUE,"reported","Diiw68",NA,"textfile"
"393","rs11791671",0.6245,"T","C",-0.026036015,0.051328991,"outcome",TRUE,"reported","Diiw68",NA,"textfile"
"395","rs1150668",0.6325,"G","T",0.013705647,0.027631359,"outcome",TRUE,"reported","Diiw68",NA,"textfile"
"396","rs62098013",0.6342,"A","G",-0.01399751,0.028355705,"outcome",TRUE,"reported","Diiw68",NA,"textfile"
"397","rs55786907",0.6358,"G","A",-0.016841017,0.034271224,"outcome",TRUE,"reported","Diiw68",NA,"textfile"
"398","rs1116690",0.6388,"G","A",0.014593002,0.029951764,"outcome",TRUE,"reported","Diiw68",NA,"textfile"
"399","rs12831617",0.6427,"T","C",0.014593002,0.030289554,"outcome",TRUE,"reported","Diiw68",NA,"textfile"
"402","rs348809",0.6536,"G","A",0.01232375,0.026408689,"outcome",TRUE,"reported","Diiw68",NA,"textfile"
"403","rs17576594",0.6555,"A","G",-0.013591954,0.029291333,"outcome",TRUE,"reported","Diiw68",NA,"textfile"
"404","rs6568832",0.6555,"A","G",-0.013591954,0.029291333,"outcome",TRUE,"reported","Diiw68",NA,"textfile"
"406","rs42417",0.6564,"G","A",0.012817504,0.027696625,"outcome",TRUE,"reported","Diiw68",NA,"textfile"
"408","rs34866095",0.6581,"G","A",0.012718772,0.027623488,"outcome",TRUE,"reported","Diiw68",NA,"textfile"
"409","rs7528604",0.6734,"A","G",-0.01136433,0.025864703,"outcome",TRUE,"reported","Diiw68",NA,"textfile"
"411","rs7766610",0.6746,"A","C",0.01400152,0.03198662,"outcome",TRUE,"reported","Diiw68",NA,"textfile"
"412","rs13383034",0.6752,"T","C",-0.012072581,0.027631856,"outcome",TRUE,"reported","Diiw68",NA,"textfile"
"413","rs147412694",0.6761,"A","G",-0.017146159,0.039355405,"outcome",TRUE,"reported","Diiw68",NA,"textfile"
"414","rs682011",0.6765,"A","G",-0.011162065,0.025652438,"outcome",TRUE,"reported","Diiw68",NA,"textfile"
"416","rs3811038",0.6874,"G","A",0.011928571,0.028385842,"outcome",TRUE,"reported","Diiw68",NA,"textfile"
"417","rs1291821",0.6887,"G","A",0.011137744,0.026616209,"outcome",TRUE,"reported","Diiw68",NA,"textfile"
"418","rs748832",0.691,"G","A",-0.011060947,0.026632119,"outcome",TRUE,"reported","Diiw68",NA,"textfile"
"419","rs13906",0.6933,"T","C",0.015873349,0.038509532,"outcome",TRUE,"reported","Diiw68",NA,"textfile"
"420","rs56030824",0.6941,"A","G",0.01133551,0.027573314,"outcome",TRUE,"reported","Diiw68",NA,"textfile"
"421","rs60952428",0.6941,"C","T",-0.019080888,0.046413732,"outcome",TRUE,"reported","Diiw68",NA,"textfile"
"422","rs17229285",0.6953,"T","C",-0.010555514,0.025778326,"outcome",TRUE,"reported","Diiw68",NA,"textfile"
"423","rs6779302",0.6999,"T","G",-0.01065658,0.026428483,"outcome",TRUE,"reported","Diiw68",NA,"textfile"
"424","rs12517438",0.7071,"G","T",0.010247316,0.02604395,"outcome",TRUE,"reported","Diiw68",NA,"textfile"
"427","rs12708665",0.7093,"G","A",0.01093994,0.028016307,"outcome",TRUE,"reported","Diiw68",NA,"textfile"
"429","rs62135536",0.7139,"T","C",0.03411153,0.088770725,"outcome",TRUE,"reported","Diiw68",NA,"textfile"
"432","rs1187820",0.7166,"T","C",-0.009848336,0.025874501,"outcome",TRUE,"reported","Diiw68",NA,"textfile"
"433","rs35034355",0.718,"A","G",-0.009747351,0.025736943,"outcome",TRUE,"reported","Diiw68",NA,"textfile"
"434","rs1435672",0.7189,"C","T",0.009752291,0.025832805,"outcome",TRUE,"reported","Diiw68",NA,"textfile"
"436","rs7631379",0.728,"C","T",-0.011667805,0.031944088,"outcome",TRUE,"reported","Diiw68",NA,"textfile"
"437","rs281379",0.7285,"A","G",0.009455159,0.02593407,"outcome",TRUE,"reported","Diiw68",NA,"textfile"
"438","rs77165542",0.7323,"T","C",0.031207927,0.086815182,"outcome",TRUE,"reported","Diiw68",NA,"textfile"
"439","rs12918191",0.7327,"G","A",-0.010757657,0.029970796,"outcome",TRUE,"reported","Diiw68",NA,"textfile"
"440","rs7969559",0.7347,"G","A",0.010049336,0.028208552,"outcome",TRUE,"reported","Diiw68",NA,"textfile"
"442","rs4731925",0.7363,"T","C",0.009752291,0.027540823,"outcome",TRUE,"reported","Diiw68",NA,"textfile"
"443","rs28485305",0.7402,"T","C",-0.009141658,0.026203597,"outcome",TRUE,"reported","Diiw68",NA,"textfile"
"444","rs12623702",0.7405,"G","A",-0.009242581,0.02652347,"outcome",TRUE,"reported","Diiw68",NA,"textfile"
"445","rs4916723",0.7416,"C","A",0.009257021,0.026677822,"outcome",TRUE,"reported","Diiw68",NA,"textfile"
"446","rs3218116",0.7428,"T","C",0.010445258,0.030242395,"outcome",TRUE,"reported","Diiw68",NA,"textfile"
"447","rs28441558",0.745,"G","A",-0.02040681,0.059592921,"outcome",TRUE,"reported","Diiw68",NA,"textfile"
"449","rs6948707",0.7471,"G","T",0.008662373,0.025505745,"outcome",TRUE,"reported","Diiw68",NA,"textfile"
"451","rs4938230",0.7492,"A","C",0.011434378,0.033948711,"outcome",TRUE,"reported","Diiw68",NA,"textfile"
"455","rs4543592",0.7538,"C","T",0.008464078,0.025597517,"outcome",TRUE,"reported","Diiw68",NA,"textfile"
"458","rs7074871",0.7592,"A","G",0.009257021,0.028620146,"outcome",TRUE,"reported","Diiw68",NA,"textfile"
"459","rs11642231",0.7619,"A","G",-0.008637193,0.027004807,"outcome",TRUE,"reported","Diiw68",NA,"textfile"
"461","rs13153393",0.7621,"G","A",0.013409687,0.041961377,"outcome",TRUE,"reported","Diiw68",NA,"textfile"
"465","rs2796793",0.7694,"A","G",0.007868958,0.025397338,"outcome",TRUE,"reported","Diiw68",NA,"textfile"
"467","rs6497840",0.7806,"A","G",-0.008233805,0.027919237,"outcome",TRUE,"reported","Diiw68",NA,"textfile"
"470","rs7553348",0.786,"A","G",0.007372754,0.025623845,"outcome",TRUE,"reported","Diiw68",NA,"textfile"
"472","rs6437769",0.7874,"T","C",0.007273484,0.025443486,"outcome",TRUE,"reported","Diiw68",NA,"textfile"
"473","rs17553262",0.7893,"C","A",-0.011667805,0.041179275,"outcome",TRUE,"reported","Diiw68",NA,"textfile"
"474","rs8042134",0.7905,"G","T",0.007372754,0.026168067,"outcome",TRUE,"reported","Diiw68",NA,"textfile"
"475","rs11076962",0.7949,"C","T",-0.007830579,0.028382162,"outcome",TRUE,"reported","Diiw68",NA,"textfile"
"477","rs35169606",0.8022,"G","T",-0.007729798,0.029037562,"outcome",TRUE,"reported","Diiw68",NA,"textfile"
"478","rs2710634",0.8029,"C","T",-0.006722546,0.025342247,"outcome",TRUE,"reported","Diiw68",NA,"textfile"
"481","rs61886926",0.8123,"T","C",0.006677655,0.026415813,"outcome",TRUE,"reported","Diiw68",NA,"textfile"
"483","rs10490159",0.8156,"T","C",0.006379607,0.025681767,"outcome",TRUE,"reported","Diiw68",NA,"textfile"
"484","rs10753661",0.8159,"A","G",0.006776984,0.027325249,"outcome",TRUE,"reported","Diiw68",NA,"textfile"
"485","rs1022376",0.8237,"C","T",0.005982072,0.025170664,"outcome",TRUE,"reported","Diiw68",NA,"textfile"
"486","rs118202",0.8258,"T","G",0.007372754,0.031390288,"outcome",TRUE,"reported","Diiw68",NA,"textfile"
"488","rs1933270",0.8307,"G","T",-0.005917474,0.025911629,"outcome",TRUE,"reported","Diiw68",NA,"textfile"
"494","rs2254710",0.837,"A","C",0.006776984,0.03080301,"outcome",TRUE,"reported","Diiw68",NA,"textfile"
"495","rs11255908",0.8396,"G","T",-0.006018072,0.027789465,"outcome",TRUE,"reported","Diiw68",NA,"textfile"
"497","rs6986430",0.8436,"C","T",0.006180859,0.02925856,"outcome",TRUE,"reported","Diiw68",NA,"textfile"
"498","rs3820277",0.8465,"T","G",-0.005213567,0.025137829,"outcome",TRUE,"reported","Diiw68",NA,"textfile"
"499","rs2526390",0.8483,"T","C",0.00548493,0.026754576,"outcome",TRUE,"reported","Diiw68",NA,"textfile"
"500","rs329120",0.8484,"A","G",-0.005113049,0.024956769,"outcome",TRUE,"reported","Diiw68",NA,"textfile"
"504","rs13032049",0.861,"G","A",0.005683816,0.030211297,"outcome",TRUE,"reported","Diiw68",NA,"textfile"
"505","rs823114",0.8627,"A","G",0.004688989,0.025226536,"outcome",TRUE,"reported","Diiw68",NA,"textfile"
"506","rs55872084",0.8639,"T","G",0.005683816,0.030843437,"outcome",TRUE,"reported","Diiw68",NA,"textfile"
"511","rs13250583",0.8775,"T","C",-0.005213567,0.031373326,"outcome",TRUE,"reported","Diiw68",NA,"textfile"
"513","rs28680958",0.8825,"A","G",0.004688989,0.029395409,"outcome",TRUE,"reported","Diiw68",NA,"textfile"
"515","rs16826827",0.8862,"C","T",-0.005816885,0.037630421,"outcome",TRUE,"reported","Diiw68",NA,"textfile"
"516","rs3809162",0.8867,"G","A",0.003892415,0.025289841,"outcome",TRUE,"reported","Diiw68",NA,"textfile"
"517","rs644740",0.889,"T","C",0.003693172,0.024483629,"outcome",TRUE,"reported","Diiw68",NA,"textfile"
"518","rs1126757",0.8915,"T","C",-0.003706862,0.025130527,"outcome",TRUE,"reported","Diiw68",NA,"textfile"
"519","rs12088813",0.8928,"C","A",-0.004208845,0.028873617,"outcome",TRUE,"reported","Diiw68",NA,"textfile"
"520","rs11594623",0.8937,"C","T",-0.004309272,0.029808463,"outcome",TRUE,"reported","Diiw68",NA,"textfile"
"522","rs35656245",0.895,"A","G",0.003992021,0.027949835,"outcome",TRUE,"reported","Diiw68",NA,"textfile"
"523","rs1514176",0.8956,"A","G",0.003493889,0.024600334,"outcome",TRUE,"reported","Diiw68",NA,"textfile"
"525","rs2838834",0.8986,"T","C",0.003693172,0.026759289,"outcome",TRUE,"reported","Diiw68",NA,"textfile"
"526","rs10885480",0.8993,"C","T",-0.004008021,0.029238948,"outcome",TRUE,"reported","Diiw68",NA,"textfile"
"528","rs2675638",0.9033,"A","G",0.003294567,0.025011065,"outcome",TRUE,"reported","Diiw68",NA,"textfile"
"529","rs77283305",0.9057,"A","G",-0.003506139,0.027283083,"outcome",TRUE,"reported","Diiw68",NA,"textfile"
"530","rs7039819",0.9072,"A","G",-0.003205131,0.02533711,"outcome",TRUE,"reported","Diiw68",NA,"textfile"
"531","rs1385108",0.91,"T","C",-0.003506139,0.028564398,"outcome",TRUE,"reported","Diiw68",NA,"textfile"
"535","rs2319545",0.9195,"A","C",0.003892415,0.035390178,"outcome",TRUE,"reported","Diiw68",NA,"textfile"
"539","rs67596067",0.9242,"A","G",0.002796087,0.026973591,"outcome",TRUE,"reported","Diiw68",NA,"textfile"
"541","rs4548913",0.9279,"A","G",0.00249688,0.025304346,"outcome",TRUE,"reported","Diiw68",NA,"textfile"
"542","rs705687",0.9314,"G","A",0.002895803,0.030822238,"outcome",TRUE,"reported","Diiw68",NA,"textfile"
"545","rs7024924",0.9355,"C","T",0.002696362,0.030497389,"outcome",TRUE,"reported","Diiw68",NA,"textfile"
"546","rs860326",0.9369,"T","C",-0.002202424,0.025455741,"outcome",TRUE,"reported","Diiw68",NA,"textfile"
"549","rs76608582",0.9417,"A","C",0.007372754,0.092134527,"outcome",TRUE,"reported","Diiw68",NA,"textfile"
"550","rs8005334",0.9424,"G","T",-0.002002003,0.025318406,"outcome",TRUE,"reported","Diiw68",NA,"textfile"
"551","rs71602617",0.9433,"T","C",-0.002402885,0.030864378,"outcome",TRUE,"reported","Diiw68",NA,"textfile"
"558","rs329124",0.9666,"G","A",-0.001100605,0.02386874,"outcome",TRUE,"reported","Diiw68",NA,"textfile"
"559","rs4822102",0.968,"T","C",-0.001100605,0.02490452,"outcome",TRUE,"reported","Diiw68",NA,"textfile"
"560","rs9545155",0.9698,"C","T",0.0009995,0.023954224,"outcome",TRUE,"reported","Diiw68",NA,"textfile"
"561","rs11611651",0.9729,"A","G",0.001698557,0.045330329,"outcome",TRUE,"reported","Diiw68",NA,"textfile"
"567","rs421983",0.9939,"C","T",0.00019998,0.023624347,"outcome",TRUE,"reported","Diiw68",NA,"textfile"
