"","SNP","effect_allele.exposure","other_allele.exposure","effect_allele.outcome","other_allele.outcome","beta.exposure","beta.outcome","eaf.exposure","eaf.outcome","remove","palindromic","ambiguous","id.outcome","pval.outcome","se.outcome","outcome","mr_keep.outcome","pval_origin.outcome","data_source.outcome","se.exposure","pval.exposure","exposure","mr_keep.exposure","pval_origin.exposure","id.exposure","data_source.exposure","action","mr_keep","samplesize.outcome"
"1","rs1011392","A","G","A","G",0.01421,0.013591954,0.654296,NA,FALSE,FALSE,FALSE,"gmzyyG",0.7178,0.03586269,"outcome",TRUE,"reported","textfile",0.00252,1.76e-08,"exposure",TRUE,"reported","Pvq8aD","textfile",2,TRUE,NA
"2","rs10138911","T","G","T","G",-0.01309,0.092488019,0.434555,NA,FALSE,FALSE,FALSE,"gmzyyG",0.01118,0.036471564,"outcome",TRUE,"reported","textfile",0.00238,3.6e-08,"exposure",TRUE,"reported","Pvq8aD","textfile",2,TRUE,NA
"3","rs1015511","A","G","A","G",-0.01783,-0.038354954,0.440114,NA,FALSE,FALSE,FALSE,"gmzyyG",0.2819,0.035382499,"outcome",TRUE,"reported","textfile",0.00241,1.35e-13,"exposure",TRUE,"reported","Pvq8aD","textfile",2,TRUE,NA
"4","rs10490064","A","G","A","G",-0.01569,-0.06719125,0.390622,NA,FALSE,FALSE,FALSE,"gmzyyG",0.06311,0.036211407,"outcome",TRUE,"reported","textfile",0.00242,9.05e-11,"exposure",TRUE,"reported","Pvq8aD","textfile",2,TRUE,NA
"5","rs10498846","T","C","T","C",0.01299,0.017250353,0.472544,NA,FALSE,FALSE,FALSE,"gmzyyG",0.6342,0.034945211,"outcome",TRUE,"reported","textfile",0.00237,3.99e-08,"exposure",TRUE,"reported","Pvq8aD","textfile",2,TRUE,NA
"6","rs10518544","T","C","T","C",0.02494,0.033918218,0.0773021,NA,FALSE,FALSE,FALSE,"gmzyyG",0.6007,0.062703146,"outcome",TRUE,"reported","textfile",0.00399,4.19e-10,"exposure",TRUE,"reported","Pvq8aD","textfile",2,TRUE,NA
"7","rs10782490","T","C","T","C",-0.02114,0.02081514,0.502525,NA,FALSE,FALSE,FALSE,"gmzyyG",0.5807,0.036540164,"outcome",TRUE,"reported","textfile",0.00237,4.61e-19,"exposure",TRUE,"reported","Pvq8aD","textfile",2,TRUE,NA
"8","rs10786721","A","C","A","C",0.01472,-0.006621876,0.404312,NA,FALSE,FALSE,FALSE,"gmzyyG",0.8517,0.033027895,"outcome",TRUE,"reported","textfile",0.00242,1.23e-09,"exposure",TRUE,"reported","Pvq8aD","textfile",2,TRUE,NA
"9","rs10950415","A","G","A","G",0.01358,-0.006677655,0.585694,NA,FALSE,FALSE,FALSE,"gmzyyG",0.8502,0.032978392,"outcome",TRUE,"reported","textfile",0.00238,1.14e-08,"exposure",TRUE,"reported","Pvq8aD","textfile",2,TRUE,NA
"10","rs1106095","A","G","A","G",0.0167,-0.017247893,0.220234,NA,FALSE,FALSE,FALSE,"gmzyyG",0.6781,0.039839367,"outcome",TRUE,"reported","textfile",0.00278,1.83e-09,"exposure",TRUE,"reported","Pvq8aD","textfile",2,TRUE,NA
"11","rs11157138","A","G","A","G",0.01496,0.020978406,0.296381,NA,FALSE,FALSE,FALSE,"gmzyyG",0.5847,0.037203945,"outcome",TRUE,"reported","textfile",0.00261,1.02e-08,"exposure",TRUE,"reported","Pvq8aD","textfile",2,TRUE,NA
"12","rs1145247","T","C","T","C",-0.0138,-0.053189829,0.644041,NA,FALSE,FALSE,FALSE,"gmzyyG",0.1519,0.037081789,"outcome",TRUE,"reported","textfile",0.00244,1.62e-08,"exposure",TRUE,"reported","Pvq8aD","textfile",2,TRUE,NA
"13","rs11664298","A","G","A","G",0.01658,0.045546815,0.18571,NA,FALSE,FALSE,FALSE,"gmzyyG",0.3143,0.044846899,"outcome",TRUE,"reported","textfile",0.0029,1.13e-08,"exposure",TRUE,"reported","Pvq8aD","textfile",2,TRUE,NA
"14","rs11775396","T","C","T","C",0.01398,-0.004788517,0.334247,NA,FALSE,FALSE,FALSE,"gmzyyG",0.9027,0.036132177,"outcome",TRUE,"reported","textfile",0.00256,4.51e-08,"exposure",TRUE,"reported","Pvq8aD","textfile",2,TRUE,NA
"15","rs12042107","T","C","T","C",0.0162,0.054245015,0.47279,NA,FALSE,FALSE,FALSE,"gmzyyG",0.1249,0.035346975,"outcome",TRUE,"reported","textfile",0.00238,9.43e-12,"exposure",TRUE,"reported","Pvq8aD","textfile",2,TRUE,NA
"16","rs12328348","A","G","A","G",0.01387,0.064965279,0.544102,NA,FALSE,FALSE,FALSE,"gmzyyG",0.07206,0.036167765,"outcome",TRUE,"reported","textfile",0.00237,4.84e-09,"exposure",TRUE,"reported","Pvq8aD","textfile",2,TRUE,NA
"17","rs12379790","A","G","A","G",-0.01802,-0.028781801,0.191962,NA,FALSE,FALSE,FALSE,"gmzyyG",0.5265,0.044301526,"outcome",TRUE,"reported","textfile",0.0033,4.51e-08,"exposure",TRUE,"reported","Pvq8aD","textfile",2,TRUE,NA
"18","rs12432904","T","G","T","G",-0.01539,-0.078826781,0.359778,NA,FALSE,FALSE,FALSE,"gmzyyG",0.04044,0.0385324,"outcome",TRUE,"reported","textfile",0.0025,7.99e-10,"exposure",TRUE,"reported","Pvq8aD","textfile",2,TRUE,NA
"19","rs12451892","T","C","T","C",-0.01593,-0.005683816,0.605451,NA,FALSE,FALSE,FALSE,"gmzyyG",0.8805,0.035046217,"outcome",TRUE,"reported","textfile",0.00244,6.28e-11,"exposure",TRUE,"reported","Pvq8aD","textfile",2,TRUE,NA
"20","rs12466947","A","T","A","T",0.01444,-0.038636884,0.306668,NA,FALSE,TRUE,TRUE,"gmzyyG",0.3212,0.038573129,"outcome",TRUE,"reported","textfile",0.00256,1.76e-08,"exposure",TRUE,"reported","Pvq8aD","textfile",2,FALSE,NA
"21","rs12486601","A","G","A","G",-0.01678,-0.083421608,0.728488,NA,FALSE,FALSE,FALSE,"gmzyyG",0.03875,0.040430752,"outcome",TRUE,"reported","textfile",0.00262,1.47e-10,"exposure",TRUE,"reported","Pvq8aD","textfile",2,TRUE,NA
"22","rs12613959","A","G","A","G",-0.02167,-0.072570693,0.127764,NA,FALSE,FALSE,FALSE,"gmzyyG",0.1863,0.054773119,"outcome",TRUE,"reported","textfile",0.00365,2.79e-09,"exposure",TRUE,"reported","Pvq8aD","textfile",2,TRUE,NA
"23","rs12928897","A","C","A","C",0.02016,-0.05847693,0.154481,NA,FALSE,FALSE,FALSE,"gmzyyG",0.2147,0.046950294,"outcome",TRUE,"reported","textfile",0.00347,6.33e-09,"exposure",TRUE,"reported","Pvq8aD","textfile",2,TRUE,NA
"24","rs13021322","T","C","T","C",-0.01318,-0.023780529,0.428503,NA,FALSE,FALSE,FALSE,"gmzyyG",0.5485,0.038556458,"outcome",TRUE,"reported","textfile",0.00239,3.47e-08,"exposure",TRUE,"reported","Pvq8aD","textfile",2,TRUE,NA
"25","rs13093086","A","G","A","G",0.01631,-0.019284761,0.48109,NA,FALSE,FALSE,FALSE,"gmzyyG",0.5989,0.035482404,"outcome",TRUE,"reported","textfile",0.00237,5.46e-12,"exposure",TRUE,"reported","Pvq8aD","textfile",2,TRUE,NA
"26","rs13156646","C","G","C","G",0.01478,0.046597285,0.37798,NA,FALSE,TRUE,TRUE,"gmzyyG",0.1957,0.035907374,"outcome",TRUE,"reported","textfile",0.00245,1.55e-09,"exposure",TRUE,"reported","Pvq8aD","textfile",2,FALSE,NA
"27","rs13174776","C","G","C","G",0.02229,0.051503843,0.12587,NA,FALSE,TRUE,TRUE,"gmzyyG",0.3273,0.05205147,"outcome",TRUE,"reported","textfile",0.00381,4.84e-09,"exposure",TRUE,"reported","Pvq8aD","textfile",2,FALSE,NA
"28","rs13248757","T","C","T","C",-0.01613,-0.072134598,0.741638,NA,FALSE,FALSE,FALSE,"gmzyyG",0.1089,0.045015558,"outcome",TRUE,"reported","textfile",0.00277,6.06e-09,"exposure",TRUE,"reported","Pvq8aD","textfile",2,TRUE,NA
"29","rs1381666","C","G","C","G",-0.01613,0.008738066,0.323622,NA,FALSE,TRUE,TRUE,"gmzyyG",0.8143,0.034933344,"outcome",TRUE,"reported","textfile",0.00253,1.9e-10,"exposure",TRUE,"reported","Pvq8aD","textfile",2,FALSE,NA
"30","rs1418351","C","G","C","G",-0.0142,-0.081535488,0.359378,NA,FALSE,TRUE,TRUE,"gmzyyG",0.028,0.037164358,"outcome",TRUE,"reported","textfile",0.00248,1.08e-08,"exposure",TRUE,"reported","Pvq8aD","textfile",2,FALSE,NA
"31","rs1443750","C","G","C","G",-0.01362,0.036663984,0.616816,NA,FALSE,TRUE,TRUE,"gmzyyG",0.3081,0.035654313,"outcome",TRUE,"reported","textfile",0.00246,2.94e-08,"exposure",TRUE,"reported","Pvq8aD","textfile",2,FALSE,NA
"32","rs149344987","A","T","A","T",-0.04095,-0.020782539,0.97085,NA,FALSE,TRUE,TRUE,"gmzyyG",0.8394,0.095849385,"outcome",TRUE,"reported","textfile",0.00728,1.89e-08,"exposure",TRUE,"reported","Pvq8aD","textfile",2,FALSE,NA
"33","rs1531518","A","G","A","G",-0.02015,0.005186527,0.334093,NA,FALSE,FALSE,FALSE,"gmzyyG",0.8905,0.034846368,"outcome",TRUE,"reported","textfile",0.00251,8.96e-16,"exposure",TRUE,"reported","Pvq8aD","textfile",2,TRUE,NA
"34","rs1549319","T","C","T","C",0.01517,0.025765208,0.752649,NA,FALSE,FALSE,FALSE,"gmzyyG",0.5382,0.040761211,"outcome",TRUE,"reported","textfile",0.00274,3.08e-08,"exposure",TRUE,"reported","Pvq8aD","textfile",2,TRUE,NA
"35","rs163327","A","G","A","G",-0.01328,0.048245313,0.522128,NA,FALSE,FALSE,FALSE,"gmzyyG",0.1715,0.035216469,"outcome",TRUE,"reported","textfile",0.00238,2.29e-08,"exposure",TRUE,"reported","Pvq8aD","textfile",2,TRUE,NA
"36","rs16884402","T","C","T","C",0.01828,0.022756987,0.708654,NA,FALSE,FALSE,FALSE,"gmzyyG",0.5566,0.037626835,"outcome",TRUE,"reported","textfile",0.00261,2.69e-12,"exposure",TRUE,"reported","Pvq8aD","textfile",2,TRUE,NA
"37","rs16918024","T","C","T","C",-0.02519,4e-04,0.0631198,NA,FALSE,FALSE,FALSE,"gmzyyG",0.9961,0.073971062,"outcome",TRUE,"reported","textfile",0.0046,4.25e-08,"exposure",TRUE,"reported","Pvq8aD","textfile",2,TRUE,NA
"38","rs17149632","T","C","T","C",-0.01717,0.011667805,0.701016,NA,FALSE,FALSE,FALSE,"gmzyyG",0.7862,0.040588724,"outcome",TRUE,"reported","textfile",0.0026,4.21e-11,"exposure",TRUE,"reported","Pvq8aD","textfile",2,TRUE,NA
"39","rs17785382","A","G","A","G",0.01739,0.058158914,0.605621,NA,FALSE,FALSE,FALSE,"gmzyyG",0.1146,0.036869485,"outcome",TRUE,"reported","textfile",0.00241,5.05e-13,"exposure",TRUE,"reported","Pvq8aD","textfile",2,TRUE,NA
"40","rs2021638","T","G","T","G",-0.01711,-0.010247316,0.809285,NA,FALSE,FALSE,FALSE,"gmzyyG",0.8133,0.040750841,"outcome",TRUE,"reported","textfile",0.0031,3.34e-08,"exposure",TRUE,"reported","Pvq8aD","textfile",2,TRUE,NA
"41","rs2071303","T","C","T","C",0.01389,-0.058740495,0.650508,NA,FALSE,FALSE,FALSE,"gmzyyG",0.1142,0.037197562,"outcome",TRUE,"reported","textfile",0.00249,2.42e-08,"exposure",TRUE,"reported","Pvq8aD","textfile",2,TRUE,NA
"42","rs2155290","C","G","C","G",-0.01596,0.054139446,0.578072,NA,FALSE,TRUE,TRUE,"gmzyyG",0.1333,0.036050326,"outcome",TRUE,"reported","textfile",0.00243,5.39e-11,"exposure",TRUE,"reported","Pvq8aD","textfile",2,FALSE,NA
"43","rs2163971","T","C","T","C",0.01794,-0.025765208,0.454065,NA,FALSE,FALSE,FALSE,"gmzyyG",0.4797,0.035687305,"outcome",TRUE,"reported","textfile",0.00238,4.6e-14,"exposure",TRUE,"reported","Pvq8aD","textfile",2,TRUE,NA
"44","rs2272095","C","G","C","G",0.0174,0.045939232,0.751848,NA,FALSE,TRUE,TRUE,"gmzyyG",0.263,0.040783656,"outcome",TRUE,"reported","textfile",0.00269,9.49e-11,"exposure",TRUE,"reported","Pvq8aD","textfile",2,FALSE,NA
"45","rs2279829","T","C","T","C",-0.02131,-0.018978967,0.221466,NA,FALSE,FALSE,FALSE,"gmzyyG",0.6563,0.040998339,"outcome",TRUE,"reported","textfile",0.00288,1.35e-13,"exposure",TRUE,"reported","Pvq8aD","textfile",2,TRUE,NA
"46","rs2422136","A","C","A","C",0.01578,-0.073538903,0.521466,NA,FALSE,FALSE,FALSE,"gmzyyG",0.03533,0.035001133,"outcome",TRUE,"reported","textfile",0.00237,2.58e-11,"exposure",TRUE,"reported","Pvq8aD","textfile",2,TRUE,NA
"47","rs2568464","T","C","T","C",0.01369,0.053822807,0.592686,NA,FALSE,FALSE,FALSE,"gmzyyG",0.1377,0.036239383,"outcome",TRUE,"reported","textfile",0.00239,1.02e-08,"exposure",TRUE,"reported","Pvq8aD","textfile",2,TRUE,NA
"48","rs2647256","T","C","T","C",0.02171,0.033434776,0.210363,NA,FALSE,FALSE,FALSE,"gmzyyG",0.4514,0.043565408,"outcome",TRUE,"reported","textfile",0.00302,6.81e-13,"exposure",TRUE,"reported","Pvq8aD","textfile",2,TRUE,NA
"49","rs266060","A","G","A","G",-0.01301,-0.025420377,0.528488,NA,FALSE,FALSE,FALSE,"gmzyyG",0.4674,0.03427952,"outcome",TRUE,"reported","textfile",0.00237,4.12e-08,"exposure",TRUE,"reported","Pvq8aD","textfile",2,TRUE,NA
"50","rs273512","T","C","T","C",-0.01414,0.016758784,0.424761,NA,FALSE,FALSE,FALSE,"gmzyyG",0.6366,0.034181596,"outcome",TRUE,"reported","textfile",0.00241,4.43e-09,"exposure",TRUE,"reported","Pvq8aD","textfile",2,TRUE,NA
"51","rs28457046","C","G","C","G",0.01587,-0.051925073,0.422636,NA,FALSE,TRUE,TRUE,"gmzyyG",0.1477,0.035834562,"outcome",TRUE,"reported","textfile",0.00239,3.03e-11,"exposure",TRUE,"reported","Pvq8aD","textfile",2,FALSE,NA
"52","rs285012","T","C","T","C",-0.01483,-0.066723632,0.635017,NA,FALSE,FALSE,FALSE,"gmzyyG",0.06659,0.036427534,"outcome",TRUE,"reported","textfile",0.00244,1.29e-09,"exposure",TRUE,"reported","Pvq8aD","textfile",2,TRUE,NA
"53","rs31612","T","C","T","C",-0.01708,0.040821995,0.808269,NA,FALSE,FALSE,FALSE,"gmzyyG",0.3658,0.044574485,"outcome",TRUE,"reported","textfile",0.00309,3.34e-08,"exposure",TRUE,"reported","Pvq8aD","textfile",2,TRUE,NA
"54","rs34060248","C","G","C","G",0.01576,0.002603386,0.582384,NA,FALSE,TRUE,TRUE,"gmzyyG",0.9423,0.032867487,"outcome",TRUE,"reported","textfile",0.00241,5.98e-11,"exposure",TRUE,"reported","Pvq8aD","textfile",2,FALSE,NA
"55","rs34488670","T","C","T","C",-0.01662,-0.099754833,0.785694,NA,FALSE,FALSE,FALSE,"gmzyyG",0.01589,0.041406381,"outcome",TRUE,"reported","textfile",0.0029,9.56e-09,"exposure",TRUE,"reported","Pvq8aD","textfile",2,TRUE,NA
"56","rs34700861","T","C","T","C",0.01675,0.040469933,0.200878,NA,FALSE,FALSE,FALSE,"gmzyyG",0.3421,0.042132434,"outcome",TRUE,"reported","textfile",0.00284,3.75e-09,"exposure",TRUE,"reported","Pvq8aD","textfile",2,TRUE,NA
"57","rs35068223","A","T","A","T",-0.01739,0.007125325,0.793964,NA,FALSE,TRUE,TRUE,"gmzyyG",0.8727,0.04128927,"outcome",TRUE,"reported","textfile",0.00293,3.07e-09,"exposure",TRUE,"reported","Pvq8aD","textfile",2,FALSE,NA
"58","rs35219418","A","T","A","T",0.01563,0.119797563,0.755682,NA,FALSE,TRUE,TRUE,"gmzyyG",0.005966,0.04354309,"outcome",TRUE,"reported","textfile",0.00276,1.49e-08,"exposure",TRUE,"reported","Pvq8aD","textfile",2,FALSE,NA
"59","rs35384579","C","G","C","G",-0.01477,0.033918218,0.62085,NA,FALSE,TRUE,TRUE,"gmzyyG",0.3531,0.036100587,"outcome",TRUE,"reported","textfile",0.00244,1.41e-09,"exposure",TRUE,"reported","Pvq8aD","textfile",2,FALSE,NA
"60","rs35681505","T","C","T","C",-0.01562,-0.003095205,0.728411,NA,FALSE,FALSE,FALSE,"gmzyyG",0.9368,0.035718721,"outcome",TRUE,"reported","textfile",0.00268,5.38e-09,"exposure",TRUE,"reported","Pvq8aD","textfile",2,TRUE,NA
"61","rs357508","A","C","A","C",-0.02126,0.129767058,0.117077,NA,FALSE,FALSE,FALSE,"gmzyyG",0.01507,0.053433367,"outcome",TRUE,"reported","textfile",0.00366,6.19e-09,"exposure",TRUE,"reported","Pvq8aD","textfile",2,TRUE,NA
"62","rs40465","T","G","T","G",-0.01884,0.055829885,0.686187,NA,FALSE,FALSE,FALSE,"gmzyyG",0.1474,0.038501261,"outcome",TRUE,"reported","textfile",0.00251,6.59e-14,"exposure",TRUE,"reported","Pvq8aD","textfile",2,TRUE,NA
"63","rs4242224","T","C","T","C",-0.01405,0.026641931,0.652264,NA,FALSE,FALSE,FALSE,"gmzyyG",0.4708,0.036192401,"outcome",TRUE,"reported","textfile",0.00245,9.96e-09,"exposure",TRUE,"reported","Pvq8aD","textfile",2,TRUE,NA
"64","rs4377898","A","T","A","T",0.01589,0.03853295,0.500169,NA,FALSE,TRUE,TRUE,"gmzyyG",0.2722,0.034855097,"outcome",TRUE,"reported","textfile",0.00237,1.83e-11,"exposure",TRUE,"reported","Pvq8aD","textfile",2,FALSE,NA
"65","rs446952","T","C","T","C",-0.01658,0.103909463,0.449861,NA,FALSE,FALSE,FALSE,"gmzyyG",0.003735,0.03578375,"outcome",TRUE,"reported","textfile",0.00237,2.84e-12,"exposure",TRUE,"reported","Pvq8aD","textfile",2,TRUE,NA
"66","rs455425","A","G","A","G",-0.02004,-0.048770164,0.132784,NA,FALSE,FALSE,FALSE,"gmzyyG",0.3607,0.052708389,"outcome",TRUE,"reported","textfile",0.00367,4.78e-08,"exposure",TRUE,"reported","Pvq8aD","textfile",2,TRUE,NA
"67","rs4671379","T","C","T","C",-0.01613,0.003493889,0.396089,NA,FALSE,FALSE,FALSE,"gmzyyG",0.9219,0.032727559,"outcome",TRUE,"reported","textfile",0.0024,1.83e-11,"exposure",TRUE,"reported","Pvq8aD","textfile",2,TRUE,NA
"68","rs4702","A","G","A","G",-0.01993,-0.002995509,0.551755,NA,FALSE,FALSE,FALSE,"gmzyyG",0.9344,0.033320574,"outcome",TRUE,"reported","textfile",0.00238,5.76e-17,"exposure",TRUE,"reported","Pvq8aD","textfile",2,TRUE,NA
"69","rs4781978","C","G","C","G",0.01609,-0.038643624,0.811749,NA,FALSE,TRUE,TRUE,"gmzyyG",0.3988,0.045121998,"outcome",TRUE,"reported","textfile",0.0029,2.94e-08,"exposure",TRUE,"reported","Pvq8aD","textfile",2,FALSE,NA
"70","rs4870034","A","G","A","G",-0.01659,-0.04103035,0.306006,NA,FALSE,FALSE,FALSE,"gmzyyG",0.2755,0.037363407,"outcome",TRUE,"reported","textfile",0.00258,1.25e-10,"exposure",TRUE,"reported","Pvq8aD","textfile",2,TRUE,NA
"71","rs49969","T","C","T","C",-0.014,-0.027576768,0.628519,NA,FALSE,FALSE,FALSE,"gmzyyG",0.4452,0.035462494,"outcome",TRUE,"reported","textfile",0.00246,1.26e-08,"exposure",TRUE,"reported","Pvq8aD","textfile",2,TRUE,NA
"72","rs539096","A","G","A","G",0.01971,0.071948499,0.22336,NA,FALSE,FALSE,FALSE,"gmzyyG",0.08155,0.041357406,"outcome",TRUE,"reported","textfile",0.00286,5.46e-12,"exposure",TRUE,"reported","Pvq8aD","textfile",2,TRUE,NA
"73","rs55731932","T","C","T","C",0.01632,-0.054878662,0.317108,NA,FALSE,FALSE,FALSE,"gmzyyG",0.1538,0.038433763,"outcome",TRUE,"reported","textfile",0.00252,9.78e-11,"exposure",TRUE,"reported","Pvq8aD","textfile",2,TRUE,NA
"74","rs55942317","A","G","A","G",0.02916,0.024887716,0.0890052,NA,FALSE,FALSE,FALSE,"gmzyyG",0.6948,0.060679203,"outcome",TRUE,"reported","textfile",0.00413,1.6e-12,"exposure",TRUE,"reported","Pvq8aD","textfile",2,TRUE,NA
"75","rs57920447","A","G","A","G",0.01354,0.007024615,0.597321,NA,FALSE,FALSE,FALSE,"gmzyyG",0.8433,0.033190104,"outcome",TRUE,"reported","textfile",0.00241,1.89e-08,"exposure",TRUE,"reported","Pvq8aD","textfile",2,TRUE,NA
"76","rs58184964","A","G","A","G",0.01745,0.006677655,0.37704,NA,FALSE,FALSE,FALSE,"gmzyyG",0.8544,0.033912788,"outcome",TRUE,"reported","textfile",0.00243,6.97e-13,"exposure",TRUE,"reported","Pvq8aD","textfile",2,TRUE,NA
"77","rs59660079","T","C","T","C",0.01612,0.058080211,0.222328,NA,FALSE,FALSE,FALSE,"gmzyyG",0.1692,0.042171944,"outcome",TRUE,"reported","textfile",0.00287,1.89e-08,"exposure",TRUE,"reported","Pvq8aD","textfile",2,TRUE,NA
"78","rs62063281","A","G","A","G",0.02236,0.166881372,0.795196,NA,FALSE,FALSE,FALSE,"gmzyyG",0.02699,0.075568948,"outcome",TRUE,"reported","textfile",0.00285,4.09e-15,"exposure",TRUE,"reported","Pvq8aD","textfile",2,TRUE,NA
"79","rs62147239","T","C","T","C",-0.01347,-0.034304804,0.518001,NA,FALSE,FALSE,FALSE,"gmzyyG",0.3386,0.0354641,"outcome",TRUE,"reported","textfile",0.00237,1.24e-08,"exposure",TRUE,"reported","Pvq8aD","textfile",2,TRUE,NA
"80","rs62519841","A","G","A","G",-0.03226,-0.040093094,0.0985679,NA,FALSE,FALSE,FALSE,"gmzyyG",0.4994,0.058010941,"outcome",TRUE,"reported","textfile",0.00391,1.51e-16,"exposure",TRUE,"reported","Pvq8aD","textfile",2,TRUE,NA
"81","rs6452792","A","G","A","G",-0.01911,0.028393075,0.544118,NA,FALSE,FALSE,FALSE,"gmzyyG",0.4234,0.034879485,"outcome",TRUE,"reported","textfile",0.00237,6.62e-16,"exposure",TRUE,"reported","Pvq8aD","textfile",2,TRUE,NA
"82","rs6467145","A","G","A","G",-0.01575,-0.022654691,0.592516,NA,FALSE,FALSE,FALSE,"gmzyyG",0.5264,0.034862449,"outcome",TRUE,"reported","textfile",0.0024,5.54e-11,"exposure",TRUE,"reported","Pvq8aD","textfile",2,TRUE,NA
"83","rs6499595","C","G","C","G",-0.0132,0.039220713,0.39806,NA,FALSE,TRUE,TRUE,"gmzyyG",0.2992,0.03746488,"outcome",TRUE,"reported","textfile",0.00242,4.65e-08,"exposure",TRUE,"reported","Pvq8aD","textfile",2,FALSE,NA
"84","rs6504568","T","C","T","C",-0.02001,-0.041342964,0.74903,NA,FALSE,FALSE,FALSE,"gmzyyG",0.3169,0.040920445,"outcome",TRUE,"reported","textfile",0.00285,2.22e-12,"exposure",TRUE,"reported","Pvq8aD","textfile",2,TRUE,NA
"85","rs6576006","A","C","A","C",0.01397,0.03397052,0.319202,NA,FALSE,FALSE,FALSE,"gmzyyG",0.3806,0.03822092,"outcome",TRUE,"reported","textfile",0.0025,2.15e-08,"exposure",TRUE,"reported","Pvq8aD","textfile",2,TRUE,NA
"86","rs6763449","C","G","C","G",-0.01985,0.071203759,0.860902,NA,FALSE,TRUE,TRUE,"gmzyyG",0.1628,0.050938879,"outcome",TRUE,"reported","textfile",0.00338,4.43e-09,"exposure",TRUE,"reported","Pvq8aD","textfile",2,FALSE,NA
"87","rs6908726","C","G","C","G",0.02615,-0.056993722,0.910071,NA,FALSE,TRUE,TRUE,"gmzyyG",0.3891,0.065242784,"outcome",TRUE,"reported","textfile",0.00357,2.48e-13,"exposure",TRUE,"reported","Pvq8aD","textfile",2,FALSE,NA
"88","rs6916079","T","G","T","G",-0.0166,-0.024805119,0.745334,NA,FALSE,FALSE,FALSE,"gmzyyG",0.5372,0.039149705,"outcome",TRUE,"reported","textfile",0.00271,8.69e-10,"exposure",TRUE,"reported","Pvq8aD","textfile",2,TRUE,NA
"89","rs6995692","C","G","C","G",-0.01413,-0.011060947,0.559516,NA,FALSE,TRUE,TRUE,"gmzyyG",0.7697,0.035745736,"outcome",TRUE,"reported","textfile",0.00239,3.2e-09,"exposure",TRUE,"reported","Pvq8aD","textfile",2,FALSE,NA
"90","rs716936","T","C","T","C",-0.01754,-0.047741996,0.185833,NA,FALSE,FALSE,FALSE,"gmzyyG",0.2983,0.045522234,"outcome",TRUE,"reported","textfile",0.00304,7.54e-09,"exposure",TRUE,"reported","Pvq8aD","textfile",2,TRUE,NA
"91","rs72780746","T","C","T","C",0.01981,-0.045737892,0.820604,NA,FALSE,FALSE,FALSE,"gmzyyG",0.3171,0.045288615,"outcome",TRUE,"reported","textfile",0.00316,3.62e-10,"exposure",TRUE,"reported","Pvq8aD","textfile",2,TRUE,NA
"92","rs72801026","T","C","T","C",-0.01761,0.032757564,0.271697,NA,FALSE,FALSE,FALSE,"gmzyyG",0.4172,0.039726369,"outcome",TRUE,"reported","textfile",0.0026,1.22e-11,"exposure",TRUE,"reported","Pvq8aD","textfile",2,TRUE,NA
"93","rs72805613","A","G","A","G",0.01426,0.069886127,0.597767,NA,FALSE,FALSE,FALSE,"gmzyyG",0.05983,0.037192608,"outcome",TRUE,"reported","textfile",0.0024,2.93e-09,"exposure",TRUE,"reported","Pvq8aD","textfile",2,TRUE,NA
"94","rs72807203","T","C","T","C",0.01959,-0.032833157,0.161919,NA,FALSE,FALSE,FALSE,"gmzyyG",0.4911,0.04663491,"outcome",TRUE,"reported","textfile",0.00318,7.15e-10,"exposure",TRUE,"reported","Pvq8aD","textfile",2,TRUE,NA
"95","rs72930774","A","G","A","G",0.04192,0.102919054,0.947798,NA,FALSE,FALSE,FALSE,"gmzyyG",0.2176,0.083143995,"outcome",TRUE,"reported","textfile",0.00526,1.52e-15,"exposure",TRUE,"reported","Pvq8aD","textfile",2,TRUE,NA
"96","rs72932563","A","G","A","G",-0.03805,-0.12806067,0.0305359,NA,FALSE,FALSE,FALSE,"gmzyyG",0.211,0.102007978,"outcome",TRUE,"reported","textfile",0.00625,1.14e-09,"exposure",TRUE,"reported","Pvq8aD","textfile",2,TRUE,NA
"97","rs73166548","T","G","T","G",-0.01593,0.001,0.275824,NA,FALSE,FALSE,FALSE,"gmzyyG",0.9811,0.038172477,"outcome",TRUE,"reported","textfile",0.00263,1.3e-09,"exposure",TRUE,"reported","Pvq8aD","textfile",2,TRUE,NA
"98","rs73214903","A","G","A","G",-0.01986,0.038325114,0.887589,NA,FALSE,FALSE,FALSE,"gmzyyG",0.4933,0.054702314,"outcome",TRUE,"reported","textfile",0.00352,1.62e-08,"exposure",TRUE,"reported","Pvq8aD","textfile",2,TRUE,NA
"99","rs74366100","T","C","T","C",-0.02637,-0.06363186,0.948029,NA,FALSE,FALSE,FALSE,"gmzyyG",0.4271,0.078773554,"outcome",TRUE,"reported","textfile",0.00473,2.55e-08,"exposure",TRUE,"reported","Pvq8aD","textfile",2,TRUE,NA
"100","rs75120545","T","C","T","C",-0.04693,0.137324191,0.0220049,NA,FALSE,FALSE,FALSE,"gmzyyG",0.2697,0.123587757,"outcome",TRUE,"reported","textfile",0.00689,9.58e-12,"exposure",TRUE,"reported","Pvq8aD","textfile",2,TRUE,NA
"101","rs7560588","A","G","A","G",-0.01753,-0.016231013,0.261472,NA,FALSE,FALSE,FALSE,"gmzyyG",0.6891,0.038838349,"outcome",TRUE,"reported","textfile",0.00265,3.77e-11,"exposure",TRUE,"reported","Pvq8aD","textfile",2,TRUE,NA
"102","rs7582837","C","G","C","G",-0.01549,0.028976108,0.275639,NA,FALSE,TRUE,TRUE,"gmzyyG",0.4603,0.038481158,"outcome",TRUE,"reported","textfile",0.00266,5.92e-09,"exposure",TRUE,"reported","Pvq8aD","textfile",2,FALSE,NA
"103","rs76284431","A","T","A","T",0.02025,-0.066353501,0.150785,NA,FALSE,TRUE,TRUE,"gmzyyG",0.1801,0.049390121,"outcome",TRUE,"reported","textfile",0.00334,1.3e-09,"exposure",TRUE,"reported","Pvq8aD","textfile",2,FALSE,NA
"104","rs7635829","A","G","A","G",0.01512,-0.032419891,0.231352,NA,FALSE,FALSE,FALSE,"gmzyyG",0.4488,0.04201007,"outcome",TRUE,"reported","textfile",0.00277,4.91e-08,"exposure",TRUE,"reported","Pvq8aD","textfile",2,TRUE,NA
"105","rs7771570","T","C","T","C",-0.01519,-0.059537713,0.506822,NA,FALSE,FALSE,FALSE,"gmzyyG",0.08922,0.035067361,"outcome",TRUE,"reported","textfile",0.00237,1.37e-10,"exposure",TRUE,"reported","Pvq8aD","textfile",2,TRUE,NA
"106","rs7799410","A","G","A","G",0.01737,0.052030408,0.203665,NA,FALSE,FALSE,FALSE,"gmzyyG",0.2309,0.043228908,"outcome",TRUE,"reported","textfile",0.00304,1.16e-08,"exposure",TRUE,"reported","Pvq8aD","textfile",2,TRUE,NA
"107","rs78251123","A","T","A","T",-0.03497,-0.178648311,0.0267632,NA,FALSE,TRUE,TRUE,"gmzyyG",0.1098,0.111765603,"outcome",TRUE,"reported","textfile",0.00632,3.08e-08,"exposure",TRUE,"reported","Pvq8aD","textfile",2,FALSE,NA
"108","rs784242","A","G","A","G",0.01788,0.067422676,0.676301,NA,FALSE,FALSE,FALSE,"gmzyyG",0.07248,0.037590882,"outcome",TRUE,"reported","textfile",0.00254,1.75e-12,"exposure",TRUE,"reported","Pvq8aD","textfile",2,TRUE,NA
"109","rs7942078","A","T","A","T",0.01391,0.002302649,0.641546,NA,FALSE,TRUE,TRUE,"gmzyyG",0.9489,0.032776869,"outcome",TRUE,"reported","textfile",0.00249,2.29e-08,"exposure",TRUE,"reported","Pvq8aD","textfile",2,FALSE,NA
"110","rs7954112","A","G","A","G",0.01319,-0.019896632,0.405343,NA,FALSE,FALSE,FALSE,"gmzyyG",0.6487,0.04202517,"outcome",TRUE,"reported","textfile",0.0024,3.73e-08,"exposure",TRUE,"reported","Pvq8aD","textfile",2,TRUE,NA
"111","rs804667","T","C","T","C",-0.01552,-0.066246646,0.2836,NA,FALSE,FALSE,FALSE,"gmzyyG",0.08433,0.038422947,"outcome",TRUE,"reported","textfile",0.00258,1.83e-09,"exposure",TRUE,"reported","Pvq8aD","textfile",2,TRUE,NA
"112","rs9320980","A","G","A","G",-0.02206,-0.019386714,0.13203,NA,FALSE,FALSE,FALSE,"gmzyyG",0.7075,0.049339993,"outcome",TRUE,"reported","textfile",0.00366,1.69e-09,"exposure",TRUE,"reported","Pvq8aD","textfile",2,TRUE,NA
"113","rs9372625","A","G","A","G",0.01338,0.021174235,0.366739,NA,FALSE,FALSE,FALSE,"gmzyyG",0.5669,0.03590656,"outcome",TRUE,"reported","textfile",0.00243,3.86e-08,"exposure",TRUE,"reported","Pvq8aD","textfile",2,TRUE,NA
"114","rs9570035","C","G","C","G",0.01456,0.028193734,0.605805,NA,FALSE,TRUE,TRUE,"gmzyyG",0.433,0.03533596,"outcome",TRUE,"reported","textfile",0.00242,1.69e-09,"exposure",TRUE,"reported","Pvq8aD","textfile",2,FALSE,NA
"115","rs9856718","A","G","A","G",0.01785,0.046253385,0.834031,NA,FALSE,FALSE,FALSE,"gmzyyG",0.3202,0.046084582,"outcome",TRUE,"reported","textfile",0.00321,2.68e-08,"exposure",TRUE,"reported","Pvq8aD","textfile",2,TRUE,NA
"116","rs9922596","T","C","T","C",-0.01813,-0.067101804,0.210363,NA,FALSE,FALSE,FALSE,"gmzyyG",0.1249,0.043724677,"outcome",TRUE,"reported","textfile",0.00285,2.05e-10,"exposure",TRUE,"reported","Pvq8aD","textfile",2,TRUE,NA
