"","SNP","effect_allele.exposure","other_allele.exposure","effect_allele.outcome","other_allele.outcome","beta.exposure","beta.outcome","eaf.exposure","eaf.outcome","remove","palindromic","ambiguous","id.outcome","pval.outcome","se.outcome","outcome","mr_keep.outcome","pval_origin.outcome","data_source.outcome","se.exposure","pval.exposure","samplesize.exposure","exposure","mr_keep.exposure","pval_origin.exposure","id.exposure","data_source.exposure","action","mr_keep","samplesize.outcome"
"1","rs1008078","T","C","T","C",0.0119,0.017152059,0.402,NA,FALSE,FALSE,FALSE,"bLEjqW",0.5327,0.026785776,"oral/oropharyngeal cancer",TRUE,"reported","textfile",0.00164,1.63e-18,1232091,"smoking initiation",TRUE,"reported","mDvjgH","textfile",2,TRUE,NA
"2","rs1022376","C","T","C","T",-0.0071,0.005982072,0.515821,NA,FALSE,FALSE,FALSE,"bLEjqW",0.8237,0.025170664,"oral/oropharyngeal cancer",TRUE,"reported","textfile",0.001258,1.66e-08,1174994,"smoking initiation",TRUE,"reported","mDvjgH","textfile",2,TRUE,NA
"3","rs10233018","G","A","G","A",0.0149,0.037295785,0.516,NA,FALSE,FALSE,FALSE,"bLEjqW",0.1611,0.026575232,"oral/oropharyngeal cancer",TRUE,"reported","textfile",0.00161,4.77e-22,1232091,"smoking initiation",TRUE,"reported","mDvjgH","textfile",2,TRUE,NA
"4","rs10279261","A","G","A","G",-0.0114,-0.033143219,0.618,NA,FALSE,FALSE,FALSE,"bLEjqW",0.2385,0.027976742,"oral/oropharyngeal cancer",TRUE,"reported","textfile",0.00169,6.05e-13,1232091,"smoking initiation",TRUE,"reported","mDvjgH","textfile",2,TRUE,NA
"5","rs1030015","T","G","T","G",0.00682,-0.029267498,0.519564,NA,FALSE,FALSE,FALSE,"bLEjqW",0.2693,0.026318481,"oral/oropharyngeal cancer",TRUE,"reported","textfile",0.001218,2.15e-08,1232091,"smoking initiation",TRUE,"reported","mDvjgH","textfile",2,TRUE,NA
"6","rs10490159","T","C","T","C",0.0119,0.006379607,0.394,NA,FALSE,FALSE,FALSE,"bLEjqW",0.8156,0.025681767,"oral/oropharyngeal cancer",TRUE,"reported","textfile",0.00164,3.86e-11,1232091,"smoking initiation",TRUE,"reported","mDvjgH","textfile",2,TRUE,NA
"7","rs1050847","T","C","T","C",-0.0092,-0.01440323,0.559,NA,FALSE,FALSE,FALSE,"bLEjqW",0.6107,0.027345361,"oral/oropharyngeal cancer",TRUE,"reported","textfile",0.00165,7.37e-09,1232091,"smoking initiation",TRUE,"reported","mDvjgH","textfile",2,TRUE,NA
"8","rs10789369","G","A","G","A",-0.013,-0.035005609,0.615,NA,FALSE,FALSE,FALSE,"bLEjqW",0.1954,0.026957218,"oral/oropharyngeal cancer",TRUE,"reported","textfile",0.00165,3.39e-19,1232091,"smoking initiation",TRUE,"reported","mDvjgH","textfile",2,TRUE,NA
"9","rs10853981","A","G","A","G",0.00713,0.031789322,0.33036,NA,FALSE,FALSE,FALSE,"bLEjqW",0.2571,0.027883382,"oral/oropharyngeal cancer",TRUE,"reported","textfile",0.00131,4.88e-08,1232091,"smoking initiation",TRUE,"reported","mDvjgH","textfile",2,TRUE,NA
"11","rs10885480","C","T","C","T",-0.00953,-0.004008021,0.284,NA,FALSE,FALSE,FALSE,"bLEjqW",0.8993,0.029238948,"oral/oropharyngeal cancer",TRUE,"reported","textfile",0.00178,3.83e-11,1232091,"smoking initiation",TRUE,"reported","mDvjgH","textfile",2,TRUE,NA
"12","rs10914684","A","G","A","G",-0.00836,0.031789322,0.324,NA,FALSE,FALSE,FALSE,"bLEjqW",0.2645,0.028308209,"oral/oropharyngeal cancer",TRUE,"reported","textfile",0.00172,6.32e-09,1232091,"smoking initiation",TRUE,"reported","mDvjgH","textfile",2,TRUE,NA
"13","rs10945141","A","G","A","G",0.00936,-0.082403826,0.263,NA,FALSE,FALSE,FALSE,"bLEjqW",0.007559,0.030843964,"oral/oropharyngeal cancer",TRUE,"reported","textfile",0.00181,3.59e-10,1232091,"smoking initiation",TRUE,"reported","mDvjgH","textfile",2,TRUE,NA
"14","rs10953957","A","G","A","G",0.00907,0.017643435,0.386,NA,FALSE,FALSE,FALSE,"bLEjqW",0.5253,0.027081544,"oral/oropharyngeal cancer",TRUE,"reported","textfile",0.00167,3.66e-08,1232091,"smoking initiation",TRUE,"reported","mDvjgH","textfile",2,TRUE,NA
"15","rs10966092","C","T","C","T",-0.0104,0.023228126,0.267,NA,FALSE,FALSE,FALSE,"bLEjqW",0.4504,0.030201826,"oral/oropharyngeal cancer",TRUE,"reported","textfile",0.00181,1.12e-12,1232091,"smoking initiation",TRUE,"reported","mDvjgH","textfile",2,TRUE,NA
"16","rs11057005","G","A","G","A",-0.0104,-0.036560255,0.441,NA,FALSE,FALSE,FALSE,"bLEjqW",0.1833,0.027409832,"oral/oropharyngeal cancer",TRUE,"reported","textfile",0.00163,9.12e-10,1232091,"smoking initiation",TRUE,"reported","mDvjgH","textfile",2,TRUE,NA
"17","rs1106363","T","C","T","C",0.00833,-0.038117322,0.344579,NA,FALSE,FALSE,FALSE,"bLEjqW",0.168,0.027600422,"oral/oropharyngeal cancer",TRUE,"reported","textfile",0.00129,9.2e-11,1232091,"smoking initiation",TRUE,"reported","mDvjgH","textfile",2,TRUE,NA
"18","rs11076962","C","T","C","T",0.0101,-0.007830579,0.279,NA,FALSE,FALSE,FALSE,"bLEjqW",0.7949,0.028382162,"oral/oropharyngeal cancer",TRUE,"reported","textfile",0.0018,1.2e-10,1232091,"smoking initiation",TRUE,"reported","mDvjgH","textfile",2,TRUE,NA
"20","rs1109480","A","G","A","G",-0.0101,-0.028811082,0.384,NA,FALSE,FALSE,FALSE,"bLEjqW",0.307,0.027955876,"oral/oropharyngeal cancer",TRUE,"reported","textfile",0.00167,1.84e-10,1232091,"smoking initiation",TRUE,"reported","mDvjgH","textfile",2,TRUE,NA
"22","rs11162019","T","C","T","C",-0.00932,0.041813503,0.363,NA,FALSE,FALSE,FALSE,"bLEjqW",0.1318,0.027736584,"oral/oropharyngeal cancer",TRUE,"reported","textfile",0.00166,5.06e-09,1232091,"smoking initiation",TRUE,"reported","mDvjgH","textfile",2,TRUE,NA
"23","rs1116690","G","A","G","A",0.00963,0.014593002,0.742,NA,FALSE,FALSE,FALSE,"bLEjqW",0.6388,0.029951764,"oral/oropharyngeal cancer",TRUE,"reported","textfile",0.00186,2.16e-08,1232091,"smoking initiation",TRUE,"reported","mDvjgH","textfile",2,TRUE,NA
"24","rs1126757","T","C","T","C",0.0077,-0.003706862,0.473,NA,FALSE,FALSE,FALSE,"bLEjqW",0.8915,0.025130527,"oral/oropharyngeal cancer",TRUE,"reported","textfile",0.00161,2.92e-08,1232091,"smoking initiation",TRUE,"reported","mDvjgH","textfile",2,TRUE,NA
"25","rs112725451","T","C","T","C",0.014,0.059117604,0.169,NA,FALSE,FALSE,FALSE,"bLEjqW",0.08546,0.03441174,"oral/oropharyngeal cancer",TRUE,"reported","textfile",0.00215,1.65e-14,1232091,"smoking initiation",TRUE,"reported","mDvjgH","textfile",2,TRUE,NA
"26","rs113230003","A","G","A","G",-0.0106,-0.037390389,0.255,NA,FALSE,FALSE,FALSE,"bLEjqW",0.2255,0.030715149,"oral/oropharyngeal cancer",TRUE,"reported","textfile",0.00189,1.05e-10,1232091,"smoking initiation",TRUE,"reported","mDvjgH","textfile",2,TRUE,NA
"27","rs1139897","A","G","A","G",-0.0123,-0.02583076,0.23,NA,FALSE,FALSE,FALSE,"bLEjqW",0.4286,0.032077685,"oral/oropharyngeal cancer",TRUE,"reported","textfile",0.00188,1.77e-15,1232091,"smoking initiation",TRUE,"reported","mDvjgH","textfile",2,TRUE,NA
"28","rs1150668","G","T","G","T",-0.01,0.013705647,0.419,NA,FALSE,FALSE,FALSE,"bLEjqW",0.6325,0.027631359,"oral/oropharyngeal cancer",TRUE,"reported","textfile",0.00173,8.54e-13,1227673,"smoking initiation",TRUE,"reported","mDvjgH","textfile",2,TRUE,NA
"29","rs11594623","C","T","C","T",0.0132,-0.004309272,0.234241,NA,FALSE,FALSE,FALSE,"bLEjqW",0.8937,0.029808463,"oral/oropharyngeal cancer",TRUE,"reported","textfile",0.00144,7.45e-20,1232091,"smoking initiation",TRUE,"reported","mDvjgH","textfile",2,TRUE,NA
"31","rs11611651","A","G","A","G",0.0141,0.001698557,0.0868,NA,FALSE,FALSE,FALSE,"bLEjqW",0.9729,0.045330329,"oral/oropharyngeal cancer",TRUE,"reported","textfile",0.0028,2.05e-09,1232091,"smoking initiation",TRUE,"reported","mDvjgH","textfile",2,TRUE,NA
"32","rs11642231","A","G","A","G",-0.00864,-0.008637193,0.369,NA,FALSE,FALSE,FALSE,"bLEjqW",0.7619,0.027004807,"oral/oropharyngeal cancer",TRUE,"reported","textfile",0.00166,3.44e-09,1232091,"smoking initiation",TRUE,"reported","mDvjgH","textfile",2,TRUE,NA
"33","rs11713899","C","A","C","A",0.0108,-0.038117322,0.171,NA,FALSE,FALSE,FALSE,"bLEjqW",0.2923,0.035908864,"oral/oropharyngeal cancer",TRUE,"reported","textfile",0.00215,3.15e-08,1232091,"smoking initiation",TRUE,"reported","mDvjgH","textfile",2,TRUE,NA
"34","rs117657830","G","A","G","A",-0.0193,-0.060174723,0.0417,NA,FALSE,FALSE,FALSE,"bLEjqW",0.3999,0.070421173,"oral/oropharyngeal cancer",TRUE,"reported","textfile",0.00421,3.18e-09,1232091,"smoking initiation",TRUE,"reported","mDvjgH","textfile",2,TRUE,NA
"35","rs11768481","A","C","A","C",-0.0111,-0.041655675,0.34,NA,FALSE,FALSE,FALSE,"bLEjqW",0.1924,0.0318675,"oral/oropharyngeal cancer",TRUE,"reported","textfile",0.00176,5.23e-12,1232091,"smoking initiation",TRUE,"reported","mDvjgH","textfile",2,TRUE,NA
"37","rs11783093","T","C","T","C",-0.0253,0.04859967,0.158,NA,FALSE,FALSE,FALSE,"bLEjqW",0.1988,0.037705055,"oral/oropharyngeal cancer",TRUE,"reported","textfile",0.00225,2.07e-41,1232091,"smoking initiation",TRUE,"reported","mDvjgH","textfile",2,TRUE,NA
"38","rs11791671","T","C","T","C",0.0134,-0.026036015,0.067315,NA,FALSE,FALSE,FALSE,"bLEjqW",0.6245,0.051328991,"oral/oropharyngeal cancer",TRUE,"reported","textfile",0.00244,4.24e-08,1232091,"smoking initiation",TRUE,"reported","mDvjgH","textfile",2,TRUE,NA
"39","rs118202","T","G","T","G",-0.0196,0.007372754,0.812,NA,FALSE,FALSE,FALSE,"bLEjqW",0.8258,0.031390288,"oral/oropharyngeal cancer",TRUE,"reported","textfile",0.00204,1.9e-29,1232091,"smoking initiation",TRUE,"reported","mDvjgH","textfile",2,TRUE,NA
"40","rs1187820","T","C","T","C",-0.00706,-0.009848336,0.439,NA,FALSE,FALSE,FALSE,"bLEjqW",0.7166,0.025874501,"oral/oropharyngeal cancer",TRUE,"reported","textfile",0.00127,2.69e-08,1232091,"smoking initiation",TRUE,"reported","mDvjgH","textfile",2,TRUE,NA
"41","rs12022778","C","A","C","A",0.015,0.068592791,0.202,NA,FALSE,FALSE,FALSE,"bLEjqW",0.04186,0.033765837,"oral/oropharyngeal cancer",TRUE,"reported","textfile",0.00198,3.18e-17,1227673,"smoking initiation",TRUE,"reported","mDvjgH","textfile",2,TRUE,NA
"42","rs12027999","C","T","C","T",-0.0143,-0.055935632,0.12,NA,FALSE,FALSE,FALSE,"bLEjqW",0.2163,0.045063287,"oral/oropharyngeal cancer",TRUE,"reported","textfile",0.00244,5.33e-10,1232091,"smoking initiation",TRUE,"reported","mDvjgH","textfile",2,TRUE,NA
"43","rs12130857","A","G","A","G",-0.00867,0.034304804,0.324968,NA,FALSE,FALSE,FALSE,"bLEjqW",0.2266,0.028245742,"oral/oropharyngeal cancer",TRUE,"reported","textfile",0.001309,3.65e-11,1232091,"smoking initiation",TRUE,"reported","mDvjgH","textfile",2,TRUE,NA
"44","rs12195240","A","G","A","G",0.013,0.039316862,0.285,NA,FALSE,FALSE,FALSE,"bLEjqW",0.1829,0.02945011,"oral/oropharyngeal cancer",TRUE,"reported","textfile",0.00178,1.08e-18,1232091,"smoking initiation",TRUE,"reported","mDvjgH","textfile",2,TRUE,NA
"45","rs12244388","A","G","A","G",0.0137,-0.019692633,0.35,NA,FALSE,FALSE,FALSE,"bLEjqW",0.4726,0.026856762,"oral/oropharyngeal cancer",TRUE,"reported","textfile",0.00169,4.31e-22,1232091,"smoking initiation",TRUE,"reported","mDvjgH","textfile",2,TRUE,NA
"46","rs12474587","T","G","T","G",0.0129,0.019998687,0.429,NA,FALSE,FALSE,FALSE,"bLEjqW",0.4663,0.026904297,"oral/oropharyngeal cancer",TRUE,"reported","textfile",0.00162,4.83e-21,1232091,"smoking initiation",TRUE,"reported","mDvjgH","textfile",2,TRUE,NA
"47","rs12517438","G","T","G","T",0.0109,0.010247316,0.538,NA,FALSE,FALSE,FALSE,"bLEjqW",0.7071,0.02604395,"oral/oropharyngeal cancer",TRUE,"reported","textfile",0.00161,1.89e-09,1232091,"smoking initiation",TRUE,"reported","mDvjgH","textfile",2,TRUE,NA
"49","rs12714017","C","T","C","T",0.00877,0.022934971,0.511,NA,FALSE,FALSE,FALSE,"bLEjqW",0.3953,0.026588796,"oral/oropharyngeal cancer",TRUE,"reported","textfile",0.00162,3.65e-09,1174994,"smoking initiation",TRUE,"reported","mDvjgH","textfile",2,TRUE,NA
"50","rs12739243","C","T","C","T",-0.0122,-0.071066448,0.221,NA,FALSE,FALSE,FALSE,"bLEjqW",0.03152,0.03310069,"oral/oropharyngeal cancer",TRUE,"reported","textfile",0.00192,4.45e-12,1232091,"smoking initiation",TRUE,"reported","mDvjgH","textfile",2,TRUE,NA
"51","rs12878369","A","C","A","C",0.00836,-0.046148656,0.414762,NA,FALSE,FALSE,FALSE,"bLEjqW",0.08738,0.027025821,"oral/oropharyngeal cancer",TRUE,"reported","textfile",0.00124,1.6e-11,1230262,"smoking initiation",TRUE,"reported","mDvjgH","textfile",2,TRUE,NA
"52","rs12918191","G","A","G","A",-0.0108,-0.010757657,0.243,NA,FALSE,FALSE,FALSE,"bLEjqW",0.7327,0.029970796,"oral/oropharyngeal cancer",TRUE,"reported","textfile",0.00188,3.14e-11,1232091,"smoking initiation",TRUE,"reported","mDvjgH","textfile",2,TRUE,NA
"53","rs1291821","G","A","G","A",0.00807,0.011137744,0.534,NA,FALSE,FALSE,FALSE,"bLEjqW",0.6887,0.026616209,"oral/oropharyngeal cancer",TRUE,"reported","textfile",0.00161,1.39e-08,1232091,"smoking initiation",TRUE,"reported","mDvjgH","textfile",2,TRUE,NA
"54","rs13007361","A","G","A","G",0.0107,0.03246719,0.208,NA,FALSE,FALSE,FALSE,"bLEjqW",0.3238,0.032582998,"oral/oropharyngeal cancer",TRUE,"reported","textfile",0.00201,2.29e-08,1232091,"smoking initiation",TRUE,"reported","mDvjgH","textfile",2,TRUE,NA
"55","rs13110073","C","T","C","T",-0.0132,0.02391182,0.395,NA,FALSE,FALSE,FALSE,"bLEjqW",0.3742,0.026556938,"oral/oropharyngeal cancer",TRUE,"reported","textfile",0.00164,3.24e-21,1232091,"smoking initiation",TRUE,"reported","mDvjgH","textfile",2,TRUE,NA
"56","rs13261666","T","G","T","G",-0.0117,-0.049610501,0.517,NA,FALSE,FALSE,FALSE,"bLEjqW",0.06391,0.026817214,"oral/oropharyngeal cancer",TRUE,"reported","textfile",0.0016,4.36e-15,1232091,"smoking initiation",TRUE,"reported","mDvjgH","textfile",2,TRUE,NA
"57","rs13392222","C","A","C","A",-0.0121,0.037681067,0.139,NA,FALSE,FALSE,FALSE,"bLEjqW",0.3313,0.038388325,"oral/oropharyngeal cancer",TRUE,"reported","textfile",0.0023,1.93e-10,1232091,"smoking initiation",TRUE,"reported","mDvjgH","textfile",2,TRUE,NA
"58","rs13437771","G","A","G","A",-0.015,-0.061237309,0.155,NA,FALSE,FALSE,FALSE,"bLEjqW",0.08264,0.035325113,"oral/oropharyngeal cancer",TRUE,"reported","textfile",0.00221,1.39e-14,1232091,"smoking initiation",TRUE,"reported","mDvjgH","textfile",2,TRUE,NA
"59","rs1373178","G","T","G","T",-0.011,-0.034384427,0.588,NA,FALSE,FALSE,FALSE,"bLEjqW",0.2122,0.027459723,"oral/oropharyngeal cancer",TRUE,"reported","textfile",0.00165,4.16e-15,1232091,"smoking initiation",TRUE,"reported","mDvjgH","textfile",2,TRUE,NA
"60","rs1381287","T","C","T","C",0.00984,-0.0216323,0.467,NA,FALSE,FALSE,FALSE,"bLEjqW",0.4219,0.02649144,"oral/oropharyngeal cancer",TRUE,"reported","textfile",0.00163,1.81e-12,1230262,"smoking initiation",TRUE,"reported","mDvjgH","textfile",2,TRUE,NA
"61","rs1381775","C","T","C","T",-0.00754,-0.027371197,0.712,NA,FALSE,FALSE,FALSE,"bLEjqW",0.3534,0.0291499,"oral/oropharyngeal cancer",TRUE,"reported","textfile",0.00177,2.79e-08,1232091,"smoking initiation",TRUE,"reported","mDvjgH","textfile",2,TRUE,NA
"62","rs1385108","T","C","T","C",0.0123,-0.003506139,0.239,NA,FALSE,FALSE,FALSE,"bLEjqW",0.91,0.028564398,"oral/oropharyngeal cancer",TRUE,"reported","textfile",0.00188,3.84e-10,1232091,"smoking initiation",TRUE,"reported","mDvjgH","textfile",2,TRUE,NA
"63","rs13906","T","C","T","C",-0.0118,0.015873349,0.109,NA,FALSE,FALSE,FALSE,"bLEjqW",0.6933,0.038509532,"oral/oropharyngeal cancer",TRUE,"reported","textfile",0.00253,1.98e-09,1232091,"smoking initiation",TRUE,"reported","mDvjgH","textfile",2,TRUE,NA
"64","rs1435672","C","T","C","T",0.00784,0.009752291,0.56,NA,FALSE,FALSE,FALSE,"bLEjqW",0.7189,0.025832805,"oral/oropharyngeal cancer",TRUE,"reported","textfile",0.00161,3.82e-08,1232091,"smoking initiation",TRUE,"reported","mDvjgH","textfile",2,TRUE,NA
"65","rs1445649","C","T","C","T",0.011,-0.02891401,0.538,NA,FALSE,FALSE,FALSE,"bLEjqW",0.284,0.02678663,"oral/oropharyngeal cancer",TRUE,"reported","textfile",0.0016,8.48e-16,1232091,"smoking initiation",TRUE,"reported","mDvjgH","textfile",2,TRUE,NA
"66","rs1449012","T","C","T","C",-0.00747,-0.037182791,0.463,NA,FALSE,FALSE,FALSE,"bLEjqW",0.1723,0.0271912,"oral/oropharyngeal cancer",TRUE,"reported","textfile",0.00124,1.77e-09,1232091,"smoking initiation",TRUE,"reported","mDvjgH","textfile",2,TRUE,NA
"67","rs1514176","A","G","A","G",-0.0107,0.003493889,0.58,NA,FALSE,FALSE,FALSE,"bLEjqW",0.8956,0.024600334,"oral/oropharyngeal cancer",TRUE,"reported","textfile",0.00162,7.67e-14,1232091,"smoking initiation",TRUE,"reported","mDvjgH","textfile",2,TRUE,NA
"68","rs1549979","T","C","T","C",-0.0133,0.021325787,0.615,NA,FALSE,FALSE,FALSE,"bLEjqW",0.4897,0.030196386,"oral/oropharyngeal cancer",TRUE,"reported","textfile",0.00165,8.8e-21,1227673,"smoking initiation",TRUE,"reported","mDvjgH","textfile",2,TRUE,NA
"69","rs160631","G","T","G","T",-0.00981,0.020880478,0.731,NA,FALSE,FALSE,FALSE,"bLEjqW",0.4829,0.029125344,"oral/oropharyngeal cancer",TRUE,"reported","textfile",0.0018,1.87e-09,1232091,"smoking initiation",TRUE,"reported","mDvjgH","textfile",2,TRUE,NA
"70","rs16826827","C","T","C","T",-0.0128,-0.005816885,0.124,NA,FALSE,FALSE,FALSE,"bLEjqW",0.8862,0.037630421,"oral/oropharyngeal cancer",TRUE,"reported","textfile",0.00243,9.17e-09,1232091,"smoking initiation",TRUE,"reported","mDvjgH","textfile",2,TRUE,NA
"71","rs1714521","C","A","C","A",-0.00978,-0.038844784,0.411,NA,FALSE,FALSE,FALSE,"bLEjqW",0.158,0.027477582,"oral/oropharyngeal cancer",TRUE,"reported","textfile",0.00164,3.07e-10,1232091,"smoking initiation",TRUE,"reported","mDvjgH","textfile",2,TRUE,NA
"72","rs17197663","A","G","A","G",-0.0117,0.02887896,0.125,NA,FALSE,FALSE,FALSE,"bLEjqW",0.4838,0.040361947,"oral/oropharyngeal cancer",TRUE,"reported","textfile",0.00245,2.06e-08,1232091,"smoking initiation",TRUE,"reported","mDvjgH","textfile",2,TRUE,NA
"73","rs17229285","T","C","T","C",-0.0103,-0.010555514,0.505,NA,FALSE,FALSE,FALSE,"bLEjqW",0.6953,0.025778326,"oral/oropharyngeal cancer",TRUE,"reported","textfile",0.0016,1.27e-09,1232091,"smoking initiation",TRUE,"reported","mDvjgH","textfile",2,TRUE,NA
"74","rs1733760","C","T","C","T",0.00821,0.033144599,0.51,NA,FALSE,FALSE,FALSE,"bLEjqW",0.2252,0.027210153,"oral/oropharyngeal cancer",TRUE,"reported","textfile",0.00161,6.7e-09,1232091,"smoking initiation",TRUE,"reported","mDvjgH","textfile",2,TRUE,NA
"77","rs1772572","A","C","A","C",-0.00807,0.029364609,0.324132,NA,FALSE,FALSE,FALSE,"bLEjqW",0.3019,0.028202637,"oral/oropharyngeal cancer",TRUE,"reported","textfile",0.001301,5.62e-10,1232091,"smoking initiation",TRUE,"reported","mDvjgH","textfile",2,TRUE,NA
"78","rs1811739","A","G","A","G",0.0112,0.030820142,0.248,NA,FALSE,FALSE,FALSE,"bLEjqW",0.3287,0.031235385,"oral/oropharyngeal cancer",TRUE,"reported","textfile",0.00186,5.97e-10,1230262,"smoking initiation",TRUE,"reported","mDvjgH","textfile",2,TRUE,NA
"79","rs1889571","G","T","G","T",0.0132,0.05770271,0.131,NA,FALSE,FALSE,FALSE,"bLEjqW",0.164,0.041396066,"oral/oropharyngeal cancer",TRUE,"reported","textfile",0.00236,4.19e-09,1232091,"smoking initiation",TRUE,"reported","mDvjgH","textfile",2,TRUE,NA
"80","rs1901477","G","A","G","A",0.0164,0.026739297,0.511,NA,FALSE,FALSE,FALSE,"bLEjqW",0.3176,0.026503198,"oral/oropharyngeal cancer",TRUE,"reported","textfile",0.0016,2.07e-31,1174994,"smoking initiation",TRUE,"reported","mDvjgH","textfile",2,TRUE,NA
"81","rs2010921","A","G","A","G",0.00897,0.065038396,0.311,NA,FALSE,FALSE,FALSE,"bLEjqW",0.02855,0.029748765,"oral/oropharyngeal cancer",TRUE,"reported","textfile",0.00174,2.47e-10,1232091,"smoking initiation",TRUE,"reported","mDvjgH","textfile",2,TRUE,NA
"82","rs2063976","T","C","T","C",-0.00968,-0.029222859,0.664955,NA,FALSE,FALSE,FALSE,"bLEjqW",0.3036,0.028162509,"oral/oropharyngeal cancer",TRUE,"reported","textfile",0.001294,7.45e-14,1232091,"smoking initiation",TRUE,"reported","mDvjgH","textfile",2,TRUE,NA
"83","rs2155646","C","T","C","T",0.021,-0.028399475,0.4,NA,FALSE,FALSE,FALSE,"bLEjqW",0.2961,0.026959484,"oral/oropharyngeal cancer",TRUE,"reported","textfile",0.00163,9.44e-48,1232091,"smoking initiation",TRUE,"reported","mDvjgH","textfile",2,TRUE,NA
"85","rs221988","C","A","C","A",-0.00787,0.046692728,0.384,NA,FALSE,FALSE,FALSE,"bLEjqW",0.08721,0.027329866,"oral/oropharyngeal cancer",TRUE,"reported","textfile",0.00172,1.43e-08,1232091,"smoking initiation",TRUE,"reported","mDvjgH","textfile",2,TRUE,NA
"86","rs2279829","T","C","T","C",-0.0087,-0.017247893,0.216,NA,FALSE,FALSE,FALSE,"bLEjqW",0.5942,0.031347042,"oral/oropharyngeal cancer",TRUE,"reported","textfile",0.00194,2.05e-08,1232091,"smoking initiation",TRUE,"reported","mDvjgH","textfile",2,TRUE,NA
"87","rs2289791","T","G","T","G",-0.00884,0.019802627,0.247,NA,FALSE,FALSE,FALSE,"bLEjqW",0.5208,0.03008099,"oral/oropharyngeal cancer",TRUE,"reported","textfile",0.00189,2.01e-09,1232091,"smoking initiation",TRUE,"reported","mDvjgH","textfile",2,TRUE,NA
"88","rs2319545","A","C","A","C",0.0112,0.003892415,0.149099,NA,FALSE,FALSE,FALSE,"bLEjqW",0.9195,0.035390178,"oral/oropharyngeal cancer",TRUE,"reported","textfile",0.00173,8.3e-11,1232091,"smoking initiation",TRUE,"reported","mDvjgH","textfile",2,TRUE,NA
"89","rs2378662","A","G","A","G",0.00879,-0.03407398,0.541,NA,FALSE,FALSE,FALSE,"bLEjqW",0.2198,0.027655771,"oral/oropharyngeal cancer",TRUE,"reported","textfile",0.00162,2.67e-09,1232091,"smoking initiation",TRUE,"reported","mDvjgH","textfile",2,TRUE,NA
"90","rs2526390","T","C","T","C",0.0116,0.00548493,0.334,NA,FALSE,FALSE,FALSE,"bLEjqW",0.8483,0.026754576,"oral/oropharyngeal cancer",TRUE,"reported","textfile",0.00171,3.62e-14,1232091,"smoking initiation",TRUE,"reported","mDvjgH","textfile",2,TRUE,NA
"91","rs2587507","C","T","C","T",-0.00799,0.03894875,0.502,NA,FALSE,FALSE,FALSE,"bLEjqW",0.147,0.026833602,"oral/oropharyngeal cancer",TRUE,"reported","textfile",0.00159,8.69e-09,1232091,"smoking initiation",TRUE,"reported","mDvjgH","textfile",2,TRUE,NA
"92","rs2710634","C","T","C","T",-0.00942,-0.006722546,0.521,NA,FALSE,FALSE,FALSE,"bLEjqW",0.8029,0.025342247,"oral/oropharyngeal cancer",TRUE,"reported","textfile",0.00162,3.36e-12,1232091,"smoking initiation",TRUE,"reported","mDvjgH","textfile",2,TRUE,NA
"93","rs2796793","A","G","A","G",0.0082,0.007868958,0.452,NA,FALSE,FALSE,FALSE,"bLEjqW",0.7694,0.025397338,"oral/oropharyngeal cancer",TRUE,"reported","textfile",0.00161,1.55e-08,1232091,"smoking initiation",TRUE,"reported","mDvjgH","textfile",2,TRUE,NA
"94","rs281296","A","G","A","G",0.0143,0.034304804,0.357,NA,FALSE,FALSE,FALSE,"bLEjqW",0.2184,0.027760549,"oral/oropharyngeal cancer",TRUE,"reported","textfile",0.00168,1.59e-20,1232091,"smoking initiation",TRUE,"reported","mDvjgH","textfile",2,TRUE,NA
"95","rs28441558","C","T","C","T",-0.0175,-0.02040681,0.0563,NA,FALSE,FALSE,FALSE,"bLEjqW",0.745,0.059592921,"oral/oropharyngeal cancer",TRUE,"reported","textfile",0.00332,1.24e-10,1232091,"smoking initiation",TRUE,"reported","mDvjgH","textfile",2,TRUE,NA
"96","rs2901785","A","G","A","G",-0.00816,-0.024190239,0.446,NA,FALSE,FALSE,FALSE,"bLEjqW",0.372,0.026746827,"oral/oropharyngeal cancer",TRUE,"reported","textfile",0.00161,1.47e-11,1232091,"smoking initiation",TRUE,"reported","mDvjgH","textfile",2,TRUE,NA
"97","rs290601","T","C","T","C",0.0085,0.049932369,0.274,NA,FALSE,FALSE,FALSE,"bLEjqW",0.09286,0.029739994,"oral/oropharyngeal cancer",TRUE,"reported","textfile",0.00178,1.14e-08,1232091,"smoking initiation",TRUE,"reported","mDvjgH","textfile",2,TRUE,NA
"98","rs2925128","T","C","T","C",0.00805,-0.017858518,0.385191,NA,FALSE,FALSE,FALSE,"bLEjqW",0.5118,0.026573958,"oral/oropharyngeal cancer",TRUE,"reported","textfile",0.00128,3.67e-10,1173165,"smoking initiation",TRUE,"reported","mDvjgH","textfile",2,TRUE,NA
"99","rs2939756","A","G","A","G",-0.00908,-0.054245015,0.48,NA,FALSE,FALSE,FALSE,"bLEjqW",0.0421,0.026734196,"oral/oropharyngeal cancer",TRUE,"reported","textfile",0.00161,7.45e-10,1232091,"smoking initiation",TRUE,"reported","mDvjgH","textfile",2,TRUE,NA
"100","rs3218116","T","C","T","C",-0.0105,0.010445258,0.256,NA,FALSE,FALSE,FALSE,"bLEjqW",0.7428,0.030242395,"oral/oropharyngeal cancer",TRUE,"reported","textfile",0.00182,1.05e-11,1232091,"smoking initiation",TRUE,"reported","mDvjgH","textfile",2,TRUE,NA
"101","rs329124","G","A","G","A",-0.00865,-0.001100605,0.428,NA,FALSE,FALSE,FALSE,"bLEjqW",0.9666,0.02386874,"oral/oropharyngeal cancer",TRUE,"reported","textfile",0.00162,1.96e-10,1232091,"smoking initiation",TRUE,"reported","mDvjgH","textfile",2,TRUE,NA
"102","rs34342129","C","T","C","T",-0.00727,-0.018367657,0.509,NA,FALSE,FALSE,FALSE,"bLEjqW",0.4923,0.026158328,"oral/oropharyngeal cancer",TRUE,"reported","textfile",0.00159,2.13e-08,1232091,"smoking initiation",TRUE,"reported","mDvjgH","textfile",2,TRUE,NA
"103","rs34399632","G","A","G","A",0.0101,0.047837329,0.232,NA,FALSE,FALSE,FALSE,"bLEjqW",0.1766,0.035327064,"oral/oropharyngeal cancer",TRUE,"reported","textfile",0.00185,1.46e-10,1232091,"smoking initiation",TRUE,"reported","mDvjgH","textfile",2,TRUE,NA
"104","rs34553878","G","A","G","A",0.02737707,-0.034177452,0.111,NA,FALSE,FALSE,FALSE,"bLEjqW",0.4621,0.045564633,"oral/oropharyngeal cancer",TRUE,"reported","textfile",0.06708773,1.17e-09,1232091,"smoking initiation",TRUE,"reported","mDvjgH","textfile",2,TRUE,NA
"106","rs35656245","A","G","A","G",0.00925,0.003992021,0.276,NA,FALSE,FALSE,FALSE,"bLEjqW",0.895,0.027949835,"oral/oropharyngeal cancer",TRUE,"reported","textfile",0.00179,2.23e-08,1232091,"smoking initiation",TRUE,"reported","mDvjgH","textfile",2,TRUE,NA
"108","rs3764351","A","G","A","G",-0.00842,0.068219239,0.657,NA,FALSE,FALSE,FALSE,"bLEjqW",0.01447,0.027919972,"oral/oropharyngeal cancer",TRUE,"reported","textfile",0.0017,3.89e-08,1232091,"smoking initiation",TRUE,"reported","mDvjgH","textfile",2,TRUE,NA
"109","rs3810496","C","T","C","T",0.00785,0.095491981,0.619436,NA,FALSE,FALSE,FALSE,"bLEjqW",0.0006283,0.027797572,"oral/oropharyngeal cancer",TRUE,"reported","textfile",0.0013,1.54e-09,1227798,"smoking initiation",TRUE,"reported","mDvjgH","textfile",2,TRUE,NA
"110","rs3811038","C","T","C","T",0.0102,0.011928571,0.279,NA,FALSE,FALSE,FALSE,"bLEjqW",0.6874,0.028385842,"oral/oropharyngeal cancer",TRUE,"reported","textfile",0.00179,1.58e-11,1232091,"smoking initiation",TRUE,"reported","mDvjgH","textfile",2,TRUE,NA
"111","rs3820277","T","G","T","G",-0.0098,-0.005213567,0.526,NA,FALSE,FALSE,FALSE,"bLEjqW",0.8465,0.025137829,"oral/oropharyngeal cancer",TRUE,"reported","textfile",0.00162,1.57e-13,1232091,"smoking initiation",TRUE,"reported","mDvjgH","textfile",2,TRUE,NA
"112","rs3847244","T","C","T","C",0.01,0.027712439,0.47,NA,FALSE,FALSE,FALSE,"bLEjqW",0.3188,0.027533912,"oral/oropharyngeal cancer",TRUE,"reported","textfile",0.00165,2.6e-13,1232091,"smoking initiation",TRUE,"reported","mDvjgH","textfile",2,TRUE,NA
"114","rs3934797","A","G","A","G",-0.0128,-0.02388294,0.182,NA,FALSE,FALSE,FALSE,"bLEjqW",0.5085,0.035272863,"oral/oropharyngeal cancer",TRUE,"reported","textfile",0.00212,1.12e-10,1232091,"smoking initiation",TRUE,"reported","mDvjgH","textfile",2,TRUE,NA
"115","rs4044321","G","A","G","A",-0.0139,-0.049925809,0.644,NA,FALSE,FALSE,FALSE,"bLEjqW",0.06856,0.027452277,"oral/oropharyngeal cancer",TRUE,"reported","textfile",0.00168,1.75e-17,1232091,"smoking initiation",TRUE,"reported","mDvjgH","textfile",2,TRUE,NA
"117","rs42417","T","C","T","C",0.0116,-0.012817504,0.691,NA,FALSE,FALSE,FALSE,"bLEjqW",0.6564,0.027696625,"oral/oropharyngeal cancer",TRUE,"reported","textfile",0.00174,8.27e-10,1232091,"smoking initiation",TRUE,"reported","mDvjgH","textfile",2,TRUE,NA
"118","rs4264267","T","C","T","C",0.00713,-0.014707629,0.527042,NA,FALSE,FALSE,FALSE,"bLEjqW",0.5862,0.026183466,"oral/oropharyngeal cancer",TRUE,"reported","textfile",0.00123,6.82e-09,1232091,"smoking initiation",TRUE,"reported","mDvjgH","textfile",2,TRUE,NA
"121","rs4476253","A","G","A","G",-0.0105,0.02264173,0.24,NA,FALSE,FALSE,FALSE,"bLEjqW",0.4768,0.031162658,"oral/oropharyngeal cancer",TRUE,"reported","textfile",0.00188,5.78e-10,1232091,"smoking initiation",TRUE,"reported","mDvjgH","textfile",2,TRUE,NA
"123","rs4674993","G","A","G","A",-0.0133,-0.108030744,0.2,NA,FALSE,FALSE,FALSE,"bLEjqW",0.001464,0.033846848,"oral/oropharyngeal cancer",TRUE,"reported","textfile",0.002,4.85e-14,1232091,"smoking initiation",TRUE,"reported","mDvjgH","textfile",2,TRUE,NA
"124","rs4727189","C","T","C","T",0.00772,-0.0329365,0.344,NA,FALSE,FALSE,FALSE,"bLEjqW",0.2305,0.027342024,"oral/oropharyngeal cancer",TRUE,"reported","textfile",0.00168,3e-08,1232091,"smoking initiation",TRUE,"reported","mDvjgH","textfile",2,TRUE,NA
"125","rs4752018","A","C","A","C",0.0107,-0.02891401,0.231,NA,FALSE,FALSE,FALSE,"bLEjqW",0.3591,0.031148272,"oral/oropharyngeal cancer",TRUE,"reported","textfile",0.0019,4.42e-10,1232091,"smoking initiation",TRUE,"reported","mDvjgH","textfile",2,TRUE,NA
"126","rs4759229","G","A","G","A",0.01,0.067284747,0.656,NA,FALSE,FALSE,FALSE,"bLEjqW",0.0218,0.02937135,"oral/oropharyngeal cancer",TRUE,"reported","textfile",0.00168,6.53e-09,1232091,"smoking initiation",TRUE,"reported","mDvjgH","textfile",2,TRUE,NA
"127","rs4790874","T","C","T","C",0.01,0.017152059,0.532,NA,FALSE,FALSE,FALSE,"bLEjqW",0.5336,0.026842417,"oral/oropharyngeal cancer",TRUE,"reported","textfile",0.00163,8.43e-12,1232091,"smoking initiation",TRUE,"reported","mDvjgH","textfile",2,TRUE,NA
"128","rs4818005","A","G","A","G",-0.0106,0.033434776,0.581,NA,FALSE,FALSE,FALSE,"bLEjqW",0.2175,0.027004816,"oral/oropharyngeal cancer",TRUE,"reported","textfile",0.00164,1.09e-14,1174994,"smoking initiation",TRUE,"reported","mDvjgH","textfile",2,TRUE,NA
"129","rs4822102","T","C","T","C",-0.0083,-0.001100605,0.618,NA,FALSE,FALSE,FALSE,"bLEjqW",0.968,0.02490452,"oral/oropharyngeal cancer",TRUE,"reported","textfile",0.00163,2.78e-10,1232091,"smoking initiation",TRUE,"reported","mDvjgH","textfile",2,TRUE,NA
"130","rs4837631","T","C","T","C",-0.00878,-0.018775155,0.446,NA,FALSE,FALSE,FALSE,"bLEjqW",0.4876,0.026461514,"oral/oropharyngeal cancer",TRUE,"reported","textfile",0.0016,2.03e-09,1232091,"smoking initiation",TRUE,"reported","mDvjgH","textfile",2,TRUE,NA
"131","rs4877285","A","G","A","G",-0.00881,0.029170377,0.668249,NA,FALSE,FALSE,FALSE,"bLEjqW",0.3176,0.028912813,"oral/oropharyngeal cancer",TRUE,"reported","textfile",0.00131,2.1e-11,1232091,"smoking initiation",TRUE,"reported","mDvjgH","textfile",2,TRUE,NA
"132","rs4912332","T","C","T","C",0.00845,0.01960653,0.491,NA,FALSE,FALSE,FALSE,"bLEjqW",0.4603,0.026038071,"oral/oropharyngeal cancer",TRUE,"reported","textfile",0.0016,2.94e-08,1232091,"smoking initiation",TRUE,"reported","mDvjgH","textfile",2,TRUE,NA
"133","rs540860","G","A","G","A",0.0101,0.029655885,0.543,NA,FALSE,FALSE,FALSE,"bLEjqW",0.2767,0.027071242,"oral/oropharyngeal cancer",TRUE,"reported","textfile",0.00161,5.75e-12,1232091,"smoking initiation",TRUE,"reported","mDvjgH","textfile",2,TRUE,NA
"134","rs55786907","G","A","G","A",0.00931,-0.016841017,0.162492,NA,FALSE,FALSE,FALSE,"bLEjqW",0.6358,0.034271224,"oral/oropharyngeal cancer",TRUE,"reported","textfile",0.001654,1.84e-08,1232091,"smoking initiation",TRUE,"reported","mDvjgH","textfile",2,TRUE,NA
"135","rs58400863","A","G","A","G",-0.0102,-0.024292693,0.347,NA,FALSE,FALSE,FALSE,"bLEjqW",0.4,0.028435038,"oral/oropharyngeal cancer",TRUE,"reported","textfile",0.00171,4.89e-14,1232091,"smoking initiation",TRUE,"reported","mDvjgH","textfile",2,TRUE,NA
"136","rs59537158","T","C","T","C",0.0127,0.047360571,0.214,NA,FALSE,FALSE,FALSE,"bLEjqW",0.171,0.034531037,"oral/oropharyngeal cancer",TRUE,"reported","textfile",0.00202,4.62e-13,1232091,"smoking initiation",TRUE,"reported","mDvjgH","textfile",2,TRUE,NA
"137","rs6050446","G","A","G","A",0.0351,0.068779515,0.971,NA,FALSE,FALSE,FALSE,"bLEjqW",0.4911,0.097691687,"oral/oropharyngeal cancer",TRUE,"reported","textfile",0.00488,8.8e-13,1225969,"smoking initiation",TRUE,"reported","mDvjgH","textfile",2,TRUE,NA
"139","rs61533748","C","T","C","T",0.00915,0.041333863,0.384,NA,FALSE,FALSE,FALSE,"bLEjqW",0.1456,0.02837971,"oral/oropharyngeal cancer",TRUE,"reported","textfile",0.00166,2.82e-11,1232091,"smoking initiation",TRUE,"reported","mDvjgH","textfile",2,TRUE,NA
"140","rs61886926","T","C","T","C",-0.00987,0.006677655,0.384,NA,FALSE,FALSE,FALSE,"bLEjqW",0.8123,0.026415813,"oral/oropharyngeal cancer",TRUE,"reported","textfile",0.00163,7.3e-12,1232091,"smoking initiation",TRUE,"reported","mDvjgH","textfile",2,TRUE,NA
"141","rs61959481","A","G","A","G",-0.0113,-0.061237309,0.21,NA,FALSE,FALSE,FALSE,"bLEjqW",0.0728,0.034180301,"oral/oropharyngeal cancer",TRUE,"reported","textfile",0.00203,7.95e-11,1232091,"smoking initiation",TRUE,"reported","mDvjgH","textfile",2,TRUE,NA
"142","rs62007780","T","G","T","G",-0.00787,-0.068385913,0.416,NA,FALSE,FALSE,FALSE,"bLEjqW",0.013,0.027551468,"oral/oropharyngeal cancer",TRUE,"reported","textfile",0.00163,7.48e-10,1232091,"smoking initiation",TRUE,"reported","mDvjgH","textfile",2,TRUE,NA
"143","rs62193862","A","G","A","G",0.0149,0.086269435,0.0999,NA,FALSE,FALSE,FALSE,"bLEjqW",0.08547,0.050218131,"oral/oropharyngeal cancer",TRUE,"reported","textfile",0.00279,1.99e-08,1232091,"smoking initiation",TRUE,"reported","mDvjgH","textfile",2,TRUE,NA
"144","rs62246017","A","G","A","G",-0.00791,-0.063898726,0.322639,NA,FALSE,FALSE,FALSE,"bLEjqW",0.03197,0.029840954,"oral/oropharyngeal cancer",TRUE,"reported","textfile",0.00133,3.03e-09,1232091,"smoking initiation",TRUE,"reported","mDvjgH","textfile",2,TRUE,NA
"146","rs6265","T","C","T","C",-0.0165,-0.061131,0.188,NA,FALSE,FALSE,FALSE,"bLEjqW",0.08135,0.035116401,"oral/oropharyngeal cancer",TRUE,"reported","textfile",0.00204,2.81e-19,1232091,"smoking initiation",TRUE,"reported","mDvjgH","textfile",2,TRUE,NA
"147","rs6437769","T","C","T","C",0.00841,0.007273484,0.581,NA,FALSE,FALSE,FALSE,"bLEjqW",0.7874,0.025443486,"oral/oropharyngeal cancer",TRUE,"reported","textfile",0.00161,3.74e-08,1232091,"smoking initiation",TRUE,"reported","mDvjgH","textfile",2,TRUE,NA
"148","rs6438436","T","C","T","C",0.0151,0.022152805,0.816,NA,FALSE,FALSE,FALSE,"bLEjqW",0.5332,0.034635878,"oral/oropharyngeal cancer",TRUE,"reported","textfile",0.00209,5.33e-14,1232091,"smoking initiation",TRUE,"reported","mDvjgH","textfile",2,TRUE,NA
"149","rs644740","T","C","T","C",-0.00839,0.003693172,0.457,NA,FALSE,FALSE,FALSE,"bLEjqW",0.889,0.024483629,"oral/oropharyngeal cancer",TRUE,"reported","textfile",0.00161,3.67e-08,1232091,"smoking initiation",TRUE,"reported","mDvjgH","textfile",2,TRUE,NA
"150","rs6452785","T","C","T","C",-0.0152,0.020782539,0.474,NA,FALSE,FALSE,FALSE,"bLEjqW",0.4335,0.02607463,"oral/oropharyngeal cancer",TRUE,"reported","textfile",0.00161,4.69e-26,1232091,"smoking initiation",TRUE,"reported","mDvjgH","textfile",2,TRUE,NA
"151","rs6497840","A","G","A","G",0.0103,-0.008233805,0.707,NA,FALSE,FALSE,FALSE,"bLEjqW",0.7806,0.027919237,"oral/oropharyngeal cancer",TRUE,"reported","textfile",0.00178,2.01e-15,1174994,"smoking initiation",TRUE,"reported","mDvjgH","textfile",2,TRUE,NA
"152","rs6568832","A","G","A","G",0.00903,-0.013591954,0.753851,NA,FALSE,FALSE,FALSE,"bLEjqW",0.6555,0.029291333,"oral/oropharyngeal cancer",TRUE,"reported","textfile",0.001415,1.74e-10,1232091,"smoking initiation",TRUE,"reported","mDvjgH","textfile",2,TRUE,NA
"153","rs67050670","G","A","G","A",-0.0107,0.032757564,0.229,NA,FALSE,FALSE,FALSE,"bLEjqW",0.2885,0.03062423,"oral/oropharyngeal cancer",TRUE,"reported","textfile",0.00193,2.34e-11,1232091,"smoking initiation",TRUE,"reported","mDvjgH","textfile",2,TRUE,NA
"154","rs6731872","G","T","G","T",0.0182,0.066817173,0.826,NA,FALSE,FALSE,FALSE,"bLEjqW",0.06256,0.035934879,"oral/oropharyngeal cancer",TRUE,"reported","textfile",0.00213,5.35e-21,1232091,"smoking initiation",TRUE,"reported","mDvjgH","textfile",2,TRUE,NA
"155","rs6750529","T","C","T","C",0.0114,-0.035419945,0.744,NA,FALSE,FALSE,FALSE,"bLEjqW",0.248,0.030492351,"oral/oropharyngeal cancer",TRUE,"reported","textfile",0.00184,9.26e-12,1232091,"smoking initiation",TRUE,"reported","mDvjgH","textfile",2,TRUE,NA
"156","rs6756212","T","C","T","C",-0.0188,-0.031077956,0.535,NA,FALSE,FALSE,FALSE,"bLEjqW",0.2445,0.026561763,"oral/oropharyngeal cancer",TRUE,"reported","textfile",0.0016,3.49e-40,1232091,"smoking initiation",TRUE,"reported","mDvjgH","textfile",2,TRUE,NA
"157","rs67777803","T","G","T","G",-0.0136,0.023521195,0.172,NA,FALSE,FALSE,FALSE,"bLEjqW",0.514,0.035176289,"oral/oropharyngeal cancer",TRUE,"reported","textfile",0.00217,3.18e-13,1232091,"smoking initiation",TRUE,"reported","mDvjgH","textfile",2,TRUE,NA
"158","rs6874731","G","T","G","T",0.00899,0.020194707,0.484,NA,FALSE,FALSE,FALSE,"bLEjqW",0.4521,0.026352903,"oral/oropharyngeal cancer",TRUE,"reported","textfile",0.00161,1.83e-09,1232091,"smoking initiation",TRUE,"reported","mDvjgH","textfile",2,TRUE,NA
"159","rs6890961","T","C","T","C",-0.00929,-0.030871664,0.624,NA,FALSE,FALSE,FALSE,"bLEjqW",0.2859,0.028710167,"oral/oropharyngeal cancer",TRUE,"reported","textfile",0.001266,2.13e-13,1232091,"smoking initiation",TRUE,"reported","mDvjgH","textfile",2,TRUE,NA
"160","rs6936160","T","C","T","C",0.00963,0.064663513,0.698,NA,FALSE,FALSE,FALSE,"bLEjqW",0.02505,0.028901222,"oral/oropharyngeal cancer",TRUE,"reported","textfile",0.00133,4.2e-13,1232091,"smoking initiation",TRUE,"reported","mDvjgH","textfile",2,TRUE,NA
"161","rs6948707","G","T","G","T",0.0129,0.008662373,0.419,NA,FALSE,FALSE,FALSE,"bLEjqW",0.7471,0.025505745,"oral/oropharyngeal cancer",TRUE,"reported","textfile",0.00163,4.24e-21,1232091,"smoking initiation",TRUE,"reported","mDvjgH","textfile",2,TRUE,NA
"162","rs6986430","C","T","C","T",-0.0117,0.006180859,0.222377,NA,FALSE,FALSE,FALSE,"bLEjqW",0.8436,0.02925856,"oral/oropharyngeal cancer",TRUE,"reported","textfile",0.00147,1.99e-15,1232091,"smoking initiation",TRUE,"reported","mDvjgH","textfile",2,TRUE,NA
"163","rs7024924","C","T","C","T",0.0108,0.002696362,0.174,NA,FALSE,FALSE,FALSE,"bLEjqW",0.9355,0.030497389,"oral/oropharyngeal cancer",TRUE,"reported","textfile",0.00213,1.9e-08,1232091,"smoking initiation",TRUE,"reported","mDvjgH","textfile",2,TRUE,NA
"164","rs7072776","G","A","G","A",-0.0138,-0.034884402,0.712,NA,FALSE,FALSE,FALSE,"bLEjqW",0.2269,0.028741096,"oral/oropharyngeal cancer",TRUE,"reported","textfile",0.00179,5.66e-15,1232091,"smoking initiation",TRUE,"reported","mDvjgH","textfile",2,TRUE,NA
"165","rs7134009","C","T","C","T",-0.00904,-0.058370913,0.287,NA,FALSE,FALSE,FALSE,"bLEjqW",0.04456,0.029107714,"oral/oropharyngeal cancer",TRUE,"reported","textfile",0.00178,4.3e-08,1174994,"smoking initiation",TRUE,"reported","mDvjgH","textfile",2,TRUE,NA
"166","rs71367544","T","C","T","C",0.0104,0.096400494,0.203,NA,FALSE,FALSE,FALSE,"bLEjqW",0.004586,0.033971102,"oral/oropharyngeal cancer",TRUE,"reported","textfile",0.00198,8.54e-11,1232091,"smoking initiation",TRUE,"reported","mDvjgH","textfile",2,TRUE,NA
"167","rs71592686","C","T","C","T",0.0121,0.042963699,0.274,NA,FALSE,FALSE,FALSE,"bLEjqW",0.1575,0.030355239,"oral/oropharyngeal cancer",TRUE,"reported","textfile",0.00179,3.85e-13,1232091,"smoking initiation",TRUE,"reported","mDvjgH","textfile",2,TRUE,NA
"168","rs71602617","T","C","T","C",-0.0098,-0.002402885,0.216,NA,FALSE,FALSE,FALSE,"bLEjqW",0.9433,0.030864378,"oral/oropharyngeal cancer",TRUE,"reported","textfile",0.00195,2.1e-08,1174994,"smoking initiation",TRUE,"reported","mDvjgH","textfile",2,TRUE,NA
"169","rs72780746","C","T","C","T",-0.014,0.061095099,0.173,NA,FALSE,FALSE,FALSE,"bLEjqW",0.07595,0.034471449,"oral/oropharyngeal cancer",TRUE,"reported","textfile",0.00211,2.05e-14,1232091,"smoking initiation",TRUE,"reported","mDvjgH","textfile",2,TRUE,NA
"170","rs72938304","A","G","A","G",-0.0131,-0.061556306,0.113,NA,FALSE,FALSE,FALSE,"bLEjqW",0.1582,0.043563593,"oral/oropharyngeal cancer",TRUE,"reported","textfile",0.0026,1.36e-11,1232091,"smoking initiation",TRUE,"reported","mDvjgH","textfile",2,TRUE,NA
"171","rs748832","G","A","G","A",0.00931,-0.011060947,0.371,NA,FALSE,FALSE,FALSE,"bLEjqW",0.691,0.026632119,"oral/oropharyngeal cancer",TRUE,"reported","textfile",0.00165,6.6e-11,1232091,"smoking initiation",TRUE,"reported","mDvjgH","textfile",2,TRUE,NA
"172","rs75919030","C","T","C","T",-0.0114,0.030141157,0.267,NA,FALSE,FALSE,FALSE,"bLEjqW",0.3262,0.030394544,"oral/oropharyngeal cancer",TRUE,"reported","textfile",0.0018,3.35e-13,1232091,"smoking initiation",TRUE,"reported","mDvjgH","textfile",2,TRUE,NA
"174","rs7631379","C","T","C","T",0.0117,-0.011667805,0.206,NA,FALSE,FALSE,FALSE,"bLEjqW",0.728,0.031944088,"oral/oropharyngeal cancer",TRUE,"reported","textfile",0.00206,3.94e-11,1232091,"smoking initiation",TRUE,"reported","mDvjgH","textfile",2,TRUE,NA
"175","rs76608582","A","C","A","C",-0.027,0.007372754,0.0489,NA,FALSE,FALSE,FALSE,"bLEjqW",0.9417,0.092134527,"oral/oropharyngeal cancer",TRUE,"reported","textfile",0.00437,4.88e-09,1232091,"smoking initiation",TRUE,"reported","mDvjgH","textfile",2,TRUE,NA
"176","rs7696257","A","G","A","G",0.00737,0.05845757,0.366,NA,FALSE,FALSE,FALSE,"bLEjqW",0.03465,0.027719236,"oral/oropharyngeal cancer",TRUE,"reported","textfile",0.00168,6.78e-09,1232091,"smoking initiation",TRUE,"reported","mDvjgH","textfile",2,TRUE,NA
"177","rs77215829","C","A","C","A",-0.013,0.081948583,0.131,NA,FALSE,FALSE,FALSE,"bLEjqW",0.0457,0.041082497,"oral/oropharyngeal cancer",TRUE,"reported","textfile",0.00243,2.02e-10,1227673,"smoking initiation",TRUE,"reported","mDvjgH","textfile",2,TRUE,NA
"178","rs77283305","A","G","A","G",-0.00728,-0.003506139,0.305819,NA,FALSE,FALSE,FALSE,"bLEjqW",0.9057,0.027283083,"oral/oropharyngeal cancer",TRUE,"reported","textfile",0.00133,3.91e-08,1232091,"smoking initiation",TRUE,"reported","mDvjgH","textfile",2,TRUE,NA
"179","rs7743165","G","T","G","T",0.0102,0.024302293,0.495,NA,FALSE,FALSE,FALSE,"bLEjqW",0.3658,0.026536238,"oral/oropharyngeal cancer",TRUE,"reported","textfile",0.0016,4.15e-14,1232091,"smoking initiation",TRUE,"reported","mDvjgH","textfile",2,TRUE,NA
"180","rs7809303","A","G","A","G",-0.0115,-0.02809088,0.325,NA,FALSE,FALSE,FALSE,"bLEjqW",0.3216,0.028067024,"oral/oropharyngeal cancer",TRUE,"reported","textfile",0.0017,3.48e-15,1232091,"smoking initiation",TRUE,"reported","mDvjgH","textfile",2,TRUE,NA
"181","rs7836565","T","C","T","C",-0.00923,-0.034384427,0.718,NA,FALSE,FALSE,FALSE,"bLEjqW",0.2342,0.028765687,"oral/oropharyngeal cancer",TRUE,"reported","textfile",0.00178,4.36e-08,1232091,"smoking initiation",TRUE,"reported","mDvjgH","textfile",2,TRUE,NA
"184","rs7929518","G","A","G","A",0.0119,-0.032419891,0.773,NA,FALSE,FALSE,FALSE,"bLEjqW",0.2902,0.030412592,"oral/oropharyngeal cancer",TRUE,"reported","textfile",0.00192,2.55e-10,1232091,"smoking initiation",TRUE,"reported","mDvjgH","textfile",2,TRUE,NA
"185","rs7943721","A","G","A","G",-0.0117,-0.025215249,0.829,NA,FALSE,FALSE,FALSE,"bLEjqW",0.487,0.035491023,"oral/oropharyngeal cancer",TRUE,"reported","textfile",0.00218,3.58e-10,1232091,"smoking initiation",TRUE,"reported","mDvjgH","textfile",2,TRUE,NA
"186","rs7969559","G","A","G","A",-0.0097,0.010049336,0.713,NA,FALSE,FALSE,FALSE,"bLEjqW",0.7347,0.028208552,"oral/oropharyngeal cancer",TRUE,"reported","textfile",0.00178,1.53e-09,1232091,"smoking initiation",TRUE,"reported","mDvjgH","textfile",2,TRUE,NA
"187","rs8005334","G","T","G","T",0.0104,-0.002002003,0.36,NA,FALSE,FALSE,FALSE,"bLEjqW",0.9424,0.025318406,"oral/oropharyngeal cancer",TRUE,"reported","textfile",0.00168,3.44e-10,1230262,"smoking initiation",TRUE,"reported","mDvjgH","textfile",2,TRUE,NA
"188","rs8096225","C","A","C","A",0.0084,0.023618866,0.703,NA,FALSE,FALSE,FALSE,"bLEjqW",0.4222,0.02894228,"oral/oropharyngeal cancer",TRUE,"reported","textfile",0.00175,2.63e-08,1232091,"smoking initiation",TRUE,"reported","mDvjgH","textfile",2,TRUE,NA
"189","rs876793","C","T","C","T",-0.00861,0.026934001,0.349262,NA,FALSE,FALSE,FALSE,"bLEjqW",0.3576,0.02892775,"oral/oropharyngeal cancer",TRUE,"reported","textfile",0.001315,5.69e-11,1174994,"smoking initiation",TRUE,"reported","mDvjgH","textfile",2,TRUE,NA
"190","rs9288999","A","G","A","G",0.0105,0.068406033,0.735,NA,FALSE,FALSE,FALSE,"bLEjqW",0.02391,0.030329778,"oral/oropharyngeal cancer",TRUE,"reported","textfile",0.00183,1.5e-09,1232091,"smoking initiation",TRUE,"reported","mDvjgH","textfile",2,TRUE,NA
"191","rs9302604","G","A","G","A",0.0109,0.017643435,0.435,NA,FALSE,FALSE,FALSE,"bLEjqW",0.5217,0.026856807,"oral/oropharyngeal cancer",TRUE,"reported","textfile",0.00163,3.29e-13,1232091,"smoking initiation",TRUE,"reported","mDvjgH","textfile",2,TRUE,NA
"192","rs9323328","G","A","G","A",-0.00818,-0.024399887,0.537,NA,FALSE,FALSE,FALSE,"bLEjqW",0.3584,0.0262483,"oral/oropharyngeal cancer",TRUE,"reported","textfile",0.00162,2.55e-08,1230262,"smoking initiation",TRUE,"reported","mDvjgH","textfile",2,TRUE,NA
"194","rs951740","A","G","A","G",0.0163,0.073529233,0.625,NA,FALSE,FALSE,FALSE,"bLEjqW",0.007889,0.027673048,"oral/oropharyngeal cancer",TRUE,"reported","textfile",0.00166,3.82e-29,1232091,"smoking initiation",TRUE,"reported","mDvjgH","textfile",2,TRUE,NA
"195","rs9540731","T","C","T","C",-0.0094,-0.019284761,0.509,NA,FALSE,FALSE,FALSE,"bLEjqW",0.4781,0.026617862,"oral/oropharyngeal cancer",TRUE,"reported","textfile",0.0016,3.42e-12,1232091,"smoking initiation",TRUE,"reported","mDvjgH","textfile",2,TRUE,NA
"196","rs9545155","C","T","C","T",-0.00889,0.0009995,0.478,NA,FALSE,FALSE,FALSE,"bLEjqW",0.9698,0.023954224,"oral/oropharyngeal cancer",TRUE,"reported","textfile",0.0016,3.04e-10,1232091,"smoking initiation",TRUE,"reported","mDvjgH","textfile",2,TRUE,NA
"197","rs9826984","A","G","A","G",-0.0085,0.025375306,0.542,NA,FALSE,FALSE,FALSE,"bLEjqW",0.3505,0.026867192,"oral/oropharyngeal cancer",TRUE,"reported","textfile",0.00161,3.87e-08,1232091,"smoking initiation",TRUE,"reported","mDvjgH","textfile",2,TRUE,NA
"198","rs9922607","T","C","T","C",-0.0122,0.034980969,0.2,NA,FALSE,FALSE,FALSE,"bLEjqW",0.2981,0.033341119,"oral/oropharyngeal cancer",TRUE,"reported","textfile",0.00207,3.42e-12,1232091,"smoking initiation",TRUE,"reported","mDvjgH","textfile",2,TRUE,NA
